1465418991.537868;1.430511474609375e-05;False;Mouse Moved;P;1;1
1465418991.890026;0.35215258598327637;False;1;B;1;1
1465418992.1921856;0.3021583557128906;False;1;B;1;1
1465418992.5134697;0.32128334045410156;False;1;B;1;1
1465418992.8245158;0.31104516983032227;False;1;B;1;1
1465418993.136615;0.31209707260131836;False;1;B;1;1
1465418993.4488418;0.3122270107269287;False;1;B;1;1
1465418993.7512789;0.30243539810180664;False;1;B;1;1
1465418994.1030602;0.3517796993255615;False;1;B;1;1
1465418994.4153473;0.3122866153717041;False;1;B;1;1
1465418994.727388;0.3120388984680176;False;1;B;1;1
1465418995.0536852;0.3262960910797119;False;1;B;1;1
1465418995.3818824;0.32819604873657227;False;1;B;1;1
1465418995.7340245;0.3521409034729004;False;1;B;1;1
1465418996.1002316;0.36620640754699707;False;1;B;1;1
1465418996.434497;0.33426380157470703;False;1;B;1;1
1465418996.7865894;0.35209202766418457;False;1;B;1;1
1465418997.1305988;0.3440084457397461;False;1;B;1;1
1465418997.4889295;0.35832953453063965;False;1;B;1;1
1465418997.8415716;0.35264086723327637;False;1;B;1;1
1465419079.2277145;1.1920928955078125e-05;False;Mouse Moved;P;1;2
1465419079.40344;0.1757214069366455;False;1;B;1;2
1465419079.5936618;0.19022059440612793;False;1;B;1;2
1465419079.7938163;0.20015335083007812;False;1;B;1;2
1465419080.025992;0.23217463493347168;False;1;B;1;2
1465419080.2399714;0.21397829055786133;False;1;B;1;2
1465419080.4480138;0.20804142951965332;False;1;B;1;2
1465419080.6802223;0.2322070598602295;False;1;B;1;2
1465419080.8943124;0.21408891677856445;False;1;B;1;2
1465419081.1101882;0.21587491035461426;False;1;B;1;2
1465419081.3344777;0.2242882251739502;False;1;B;1;2
1465419081.534654;0.2001781463623047;False;1;B;1;2
1465419081.7426689;0.20801091194152832;False;1;B;1;2
1465419081.9568071;0.21413731575012207;False;1;B;1;2
1465419082.149063;0.19225478172302246;False;1;B;1;2
1465419082.3650773;0.21601295471191406;False;1;B;1;2
1465419082.5891693;0.2240908145904541;False;1;B;1;2
1465419082.8031507;0.21398043632507324;False;1;B;1;2
1465419083.043355;0.240203857421875;False;1;B;1;2
1465419083.2594795;0.21612310409545898;False;1;B;1;2
1465419083.4896324;0.23015189170837402;False;1;B;1;2
1465419083.7137315;0.22409820556640625;False;1;B;1;2
1465419083.9377575;0.22402501106262207;False;1;B;1;2
1465419120.546318;1.239776611328125e-05;False;Mouse Moved;P;1;3
1465419120.762105;0.21578407287597656;False;1;B;1;3
1465419120.9942844;0.2321786880493164;False;1;B;1;3
1465419121.2101452;0.21585965156555176;False;1;B;1;3
1465419121.4325454;0.2223987579345703;False;1;B;1;3
1465419121.6646063;0.23206019401550293;False;1;B;1;3
1465419121.8971853;0.23257708549499512;False;1;B;1;3
1465419122.1208541;0.22366786003112793;False;1;B;1;3
1465419122.3430932;0.22223877906799316;False;1;B;1;3
1465419122.5751185;0.2320232391357422;False;1;B;1;3
1465419122.8050761;0.22995662689208984;False;1;B;1;3
1465419123.029246;0.22416901588439941;False;1;B;1;3
1465419123.2376552;0.20840811729431152;False;1;B;1;3
1465419123.4774404;0.23978424072265625;False;1;B;1;3
1465419123.6935258;0.21608448028564453;False;1;B;1;3
1465419123.9157004;0.22217321395874023;False;1;B;1;3
1465419124.1559026;0.2402019500732422;False;1;B;1;3
1465419124.393882;0.2379772663116455;False;1;B;1;3
1465419124.649899;0.2560160160064697;False;1;B;1;3
1465419124.8962386;0.2463383674621582;False;1;B;1;3
1465419158.0047534;1.2636184692382812e-05;False;Mouse Moved;P;1;4
1465419158.2368038;0.23204708099365234;False;1;B;1;4
1465419158.482891;0.24608635902404785;False;1;B;1;4
1465419158.7150745;0.23218178749084473;False;1;B;1;4
1465419158.9554377;0.24036169052124023;False;1;B;1;4
1465419159.2014081;0.2459700107574463;False;1;B;1;4
1465419159.4413552;0.239945650100708;False;1;B;1;4
1465419159.681408;0.24005126953125;False;1;B;1;4
1465419159.9055176;0.22410917282104492;False;1;B;1;4
1465419160.1356554;0.23013615608215332;False;1;B;1;4
1465419160.3838325;0.24817633628845215;False;1;B;1;4
1465419160.632067;0.24823260307312012;False;1;B;1;4
1465419160.8641062;0.23203825950622559;False;1;B;1;4
1465419161.0803378;0.2162303924560547;False;1;B;1;4
1465419161.3183196;0.23798036575317383;False;1;B;1;4
1465419161.5584304;0.24011015892028809;False;1;B;1;4
1465419161.7825963;0.22416472434997559;False;1;B;1;4
1465419162.0070217;0.2244434356689453;False;1;B;1;4
1465419162.2367816;0.22973966598510742;False;1;B;1;4
1465419162.4607058;0.2239234447479248;False;1;B;1;4
1465419210.5249786;1.1682510375976562e-05;False;Mouse Moved;P;1;5
1465419210.668804;0.14382219314575195;False;1;B;1;5
1465419210.853125;0.18432044982910156;False;1;B;1;5
1465419211.0210745;0.16794753074645996;False;1;B;1;5
1465419211.1971507;0.17607522010803223;False;1;B;1;5
1465419211.3811417;0.1839900016784668;False;1;B;1;5
1465419211.5552926;0.1741502285003662;False;1;B;1;5
1465419211.739388;0.18409323692321777;False;1;B;1;5
1465419211.915344;0.17595505714416504;False;1;B;1;5
1465419212.0995338;0.1841895580291748;False;1;B;1;5
1465419212.2837055;0.18417024612426758;False;1;B;1;5
1465419212.465874;0.18216776847839355;False;1;B;1;5
1465419212.657769;0.1918940544128418;False;1;B;1;5
1465419212.8337653;0.1759953498840332;False;1;B;1;5
1465419213.0260694;0.19230294227600098;False;1;B;1;5
1465419213.2186005;0.19253063201904297;False;1;B;1;5
1465419213.4099667;0.19136428833007812;False;1;B;1;5
1465419213.600323;0.190354585647583;False;1;B;1;5
1465419213.7921236;0.19179916381835938;False;1;B;1;5
1465419213.9845386;0.1924142837524414;False;1;B;1;5
1465419244.9618924;1.1920928955078125e-05;False;Mouse Moved;P;1;6
1465419245.1199362;0.15804147720336914;False;1;B;1;6
1465419245.2984848;0.17854785919189453;False;1;B;1;6
1465419245.480095;0.1816093921661377;False;1;B;1;6
1465419245.6562705;0.17617416381835938;False;1;B;1;6
1465419245.8243642;0.1680920124053955;False;1;B;1;6
1465419246.0244231;0.2000579833984375;False;1;B;1;6
1465419246.208344;0.18391990661621094;False;1;B;1;6
1465419246.3845372;0.1761922836303711;False;1;B;1;6
1465419246.5767632;0.19222545623779297;False;1;B;1;6
1465419246.7667952;0.19003057479858398;False;1;B;1;6
1465419246.958915;0.19211840629577637;False;1;B;1;6
1465419247.1514692;0.19255328178405762;False;1;B;1;6
1465419247.3350112;0.18354082107543945;False;1;B;1;6
1465419247.5189888;0.1839761734008789;False;1;B;1;6
1465419247.7093592;0.1903693675994873;False;1;B;1;6
1465419247.8934355;0.18407511711120605;False;1;B;1;6
1465419248.0932097;0.19977402687072754;False;1;B;1;6
1465419248.2774622;0.1842508316040039;False;1;B;1;6
1465419248.4856129;0.20814967155456543;False;1;B;1;6
1465419844.9138703;2.7894973754882812e-05;True;switched to keyboard;H;2;1
1465419844.9139457;5.698204040527344e-05;True;1;K;2;1
1465419844.9509642;0.03702116012573242;True;KeyReleased: 49;K;2;1
1465419845.116412;0.16544604301452637;True;1;K;2;1
1465419845.1859446;0.06968379020690918;True;KeyReleased: 49;K;2;1
1465419845.354335;0.1683640480041504;True;1;K;2;1
1465419845.42361;0.0691535472869873;True;KeyReleased: 49;K;2;1
1465419845.586818;0.1632089614868164;True;1;K;2;1
1465419845.646565;0.059737443923950195;True;KeyReleased: 49;K;2;1
1465419845.7805471;0.13398003578186035;True;1;K;2;1
1465419845.8406308;0.06008148193359375;True;KeyReleased: 49;K;2;1
1465419846.005796;0.1651628017425537;True;1;K;2;1
1465419846.0576012;0.05180191993713379;True;KeyReleased: 49;K;2;1
1465419846.2545724;0.19696927070617676;True;1;K;2;1
1465419846.3179204;0.06344914436340332;True;KeyReleased: 49;K;2;1
1465419846.5156376;0.19760465621948242;True;1;K;2;1
1465419846.5756392;0.059999942779541016;True;KeyReleased: 49;K;2;1
1465419846.7423584;0.166717529296875;True;1;K;2;1
1465419846.8025198;0.06015801429748535;True;KeyReleased: 49;K;2;1
1465419846.9607062;0.15818095207214355;True;1;K;2;1
1465419847.027142;0.06643486022949219;True;KeyReleased: 49;K;2;1
1465419847.2033472;0.17621278762817383;True;1;K;2;1
1465419847.258192;0.05485033988952637;True;KeyReleased: 49;K;2;1
1465419847.4256277;0.16742634773254395;True;1;K;2;1
1465419847.4834669;0.05783653259277344;True;KeyReleased: 49;K;2;1
1465419847.664626;0.18115639686584473;True;1;K;2;1
1465419847.725041;0.06041455268859863;True;KeyReleased: 49;K;2;1
1465419847.9056096;0.18056750297546387;True;1;K;2;1
1465419847.9676454;0.06203126907348633;True;KeyReleased: 49;K;2;1
1465419848.1566951;0.18904900550842285;True;1;K;2;1
1465419848.211098;0.054398536682128906;True;KeyReleased: 49;K;2;1
1465419848.4036863;0.19258689880371094;True;1;K;2;1
1465419848.4597132;0.05602431297302246;True;KeyReleased: 49;K;2;1
1465419848.6429806;0.18326544761657715;True;1;K;2;1
1465419848.7037964;0.060812950134277344;True;KeyReleased: 49;K;2;1
1465419848.8822062;0.17840814590454102;True;1;K;2;1
1465419848.9409788;0.05876922607421875;True;KeyReleased: 49;K;2;1
1465419849.1358154;0.19483304023742676;True;1;K;2;1
1465419849.1893132;0.05350065231323242;True;KeyReleased: 49;K;2;1
1465419849.3760936;0.18677496910095215;True;1;K;2;1
1465419849.4394445;0.06334614753723145;True;KeyReleased: 49;K;2;1
1465419878.5452893;3.075599670410156e-05;True;switched to keyboard;H;2;2
1465419878.545365;5.53131103515625e-05;True;1;K;2;2
1465419878.591142;0.045783281326293945;True;KeyReleased: 49;K;2;2
1465419878.7840142;0.19287586212158203;True;1;K;2;2
1465419878.8454044;0.061388254165649414;True;KeyReleased: 49;K;2;2
1465419879.0270412;0.18163323402404785;True;1;K;2;2
1465419879.0873785;0.06033611297607422;True;KeyReleased: 49;K;2;2
1465419879.266456;0.17907428741455078;True;1;K;2;2
1465419879.3293498;0.06289196014404297;True;KeyReleased: 49;K;2;2
1465419879.539528;0.2101755142211914;True;1;K;2;2
1465419879.6000323;0.0605013370513916;True;KeyReleased: 49;K;2;2
1465419879.7891703;0.18913650512695312;True;1;K;2;2
1465419879.8513227;0.06215023994445801;True;KeyReleased: 49;K;2;2
1465419880.0414484;0.1901230812072754;True;1;K;2;2
1465419880.103553;0.06210136413574219;True;KeyReleased: 49;K;2;2
1465419880.2809432;0.17738819122314453;True;1;K;2;2
1465419880.3358212;0.05487561225891113;True;KeyReleased: 49;K;2;2
1465419880.5261178;0.1902930736541748;True;1;K;2;2
1465419880.5816758;0.05555558204650879;True;KeyReleased: 49;K;2;2
1465419880.7910914;0.20940303802490234;True;1;K;2;2
1465419880.8550687;0.06398606300354004;True;KeyReleased: 49;K;2;2
1465419881.04235;0.18727874755859375;True;1;K;2;2
1465419881.095983;0.05363106727600098;True;KeyReleased: 49;K;2;2
1465419881.2717097;0.17572402954101562;True;1;K;2;2
1465419881.3282487;0.05653667449951172;True;KeyReleased: 49;K;2;2
1465419881.5457928;0.217543363571167;True;1;K;2;2
1465419881.5934281;0.047632694244384766;True;KeyReleased: 49;K;2;2
1465419881.7962155;0.20278596878051758;True;1;K;2;2
1465419881.8509483;0.05473041534423828;True;KeyReleased: 49;K;2;2
1465419882.0424066;0.19145536422729492;True;1;K;2;2
1465419882.100608;0.05819821357727051;True;KeyReleased: 49;K;2;2
1465419882.2966964;0.19608616828918457;True;1;K;2;2
1465419882.34689;0.05019068717956543;True;KeyReleased: 49;K;2;2
1465419882.5421166;0.19522428512573242;True;1;K;2;2
1465419882.5967464;0.05462765693664551;True;KeyReleased: 49;K;2;2
1465419882.7885592;0.19180989265441895;True;1;K;2;2
1465419882.847004;0.058501243591308594;True;KeyReleased: 49;K;2;2
1465419883.0424335;0.19536662101745605;True;1;K;2;2
1465419883.0854247;0.042989492416381836;True;KeyReleased: 49;K;2;2
1465419883.294397;0.2089698314666748;True;1;K;2;2
1465419883.3592854;0.06488656997680664;True;KeyReleased: 49;K;2;2
1465419883.8904965;0.5312094688415527;False;switched to mouse;H;2;2
1465419902.1173377;2.574920654296875e-05;True;switched to keyboard;H;2;3
1465419902.1174035;4.887580871582031e-05;True;1;K;2;3
1465419902.1670783;0.04967832565307617;True;KeyReleased: 49;K;2;3
1465419902.348974;0.18190264701843262;True;1;K;2;3
1465419902.4056773;0.0567014217376709;True;KeyReleased: 49;K;2;3
1465419902.596678;0.19099783897399902;True;1;K;2;3
1465419902.6556416;0.058960914611816406;True;KeyReleased: 49;K;2;3
1465419902.8357627;0.18011879920959473;True;1;K;2;3
1465419902.8947816;0.05901527404785156;True;KeyReleased: 49;K;2;3
1465419903.07494;0.18015480041503906;True;1;K;2;3
1465419903.139116;0.06417512893676758;True;KeyReleased: 49;K;2;3
1465419903.3153331;0.17621374130249023;True;1;K;2;3
1465419903.3774872;0.06215262413024902;True;KeyReleased: 49;K;2;3
1465419903.5668824;0.1893923282623291;True;1;K;2;3
1465419903.624509;0.05762314796447754;True;KeyReleased: 49;K;2;3
1465419903.8172185;0.19270730018615723;True;1;K;2;3
1465419903.8758888;0.058661460876464844;True;KeyReleased: 49;K;2;3
1465419904.0551424;0.17925262451171875;True;1;K;2;3
1465419904.113007;0.05786323547363281;True;KeyReleased: 49;K;2;3
1465419904.2938302;0.18082690238952637;True;1;K;2;3
1465419904.356298;0.06246542930603027;True;KeyReleased: 49;K;2;3
1465419904.536087;0.1797950267791748;True;1;K;2;3
1465419904.5962176;0.06012392044067383;True;KeyReleased: 49;K;2;3
1465419904.7781007;0.181868314743042;True;1;K;2;3
1465419904.816812;0.0387120246887207;True;KeyReleased: 49;K;2;3
1465419905.057273;0.2404630184173584;True;1;K;2;3
1465419905.1054738;0.048197269439697266;True;KeyReleased: 49;K;2;3
1465419905.293526;0.1880507469177246;True;1;K;2;3
1465419905.3473184;0.053789377212524414;True;KeyReleased: 49;K;2;3
1465419905.54945;0.2021167278289795;True;1;K;2;3
1465419905.6074781;0.0580286979675293;True;KeyReleased: 49;K;2;3
1465419905.805524;0.19804930686950684;True;1;K;2;3
1465419905.8590572;0.05353951454162598;True;KeyReleased: 49;K;2;3
1465419906.0564697;0.19740819931030273;True;1;K;2;3
1465419906.1145263;0.05805468559265137;True;KeyReleased: 49;K;2;3
1465419906.303957;0.18942809104919434;True;1;K;2;3
1465419906.3597832;0.055823564529418945;True;KeyReleased: 49;K;2;3
1465419906.5585093;0.1987307071685791;True;1;K;2;3
1465419906.6199872;0.06146717071533203;True;KeyReleased: 49;K;2;3
1465419906.8190627;0.19907307624816895;True;1;K;2;3
1465419906.8980587;0.07899332046508789;True;KeyReleased: 49;K;2;3
1465419907.2665856;0.3685274124145508;False;switched to mouse;H;2;3
1465419925.1403363;3.075599670410156e-05;True;switched to keyboard;H;2;4
1465419925.1404133;5.698204040527344e-05;True;1;K;2;4
1465419925.184008;0.043605804443359375;True;KeyReleased: 49;K;2;4
1465419925.3429117;0.15890264511108398;True;1;K;2;4
1465419925.4160154;0.07310342788696289;True;KeyReleased: 49;K;2;4
1465419925.589356;0.17333412170410156;True;1;K;2;4
1465419925.665278;0.07592034339904785;True;KeyReleased: 49;K;2;4
1465419925.8226354;0.15735435485839844;True;1;K;2;4
1465419925.9011035;0.07846522331237793;True;KeyReleased: 49;K;2;4
1465419926.0716426;0.17053604125976562;True;1;K;2;4
1465419926.1541874;0.08254218101501465;True;KeyReleased: 49;K;2;4
1465419926.318625;0.16443562507629395;True;1;K;2;4
1465419926.400932;0.08230304718017578;True;KeyReleased: 49;K;2;4
1465419926.5631404;0.16220712661743164;True;1;K;2;4
1465419926.647296;0.0841512680053711;True;KeyReleased: 49;K;2;4
1465419926.8136945;0.1663966178894043;True;1;K;2;4
1465419926.9003954;0.08669805526733398;True;KeyReleased: 49;K;2;4
1465419927.060117;0.15971899032592773;True;1;K;2;4
1465419927.148396;0.08827471733093262;True;KeyReleased: 49;K;2;4
1465419927.3074272;0.15903067588806152;True;1;K;2;4
1465419927.4023728;0.09494256973266602;True;KeyReleased: 49;K;2;4
1465419927.5700953;0.16771960258483887;True;1;K;2;4
1465419927.649712;0.07961392402648926;True;KeyReleased: 49;K;2;4
1465419927.8099732;0.16025948524475098;True;1;K;2;4
1465419927.9003217;0.09034466743469238;True;KeyReleased: 49;K;2;4
1465419928.0634384;0.16311407089233398;True;1;K;2;4
1465419928.1396601;0.07621884346008301;True;KeyReleased: 49;K;2;4
1465419928.3140054;0.17434334754943848;True;1;K;2;4
1465419928.380906;0.06689667701721191;True;KeyReleased: 49;K;2;4
1465419928.5563335;0.17542457580566406;True;1;K;2;4
1465419928.6381207;0.08178377151489258;True;KeyReleased: 49;K;2;4
1465419928.8168495;0.1787264347076416;True;1;K;2;4
1465419928.894987;0.07813572883605957;True;KeyReleased: 49;K;2;4
1465419929.0534317;0.1584486961364746;True;1;K;2;4
1465419929.1391695;0.08572673797607422;True;KeyReleased: 49;K;2;4
1465419929.3127244;0.173553466796875;True;1;K;2;4
1465419929.408679;0.09595084190368652;True;KeyReleased: 49;K;2;4
1465419929.5609965;0.1523149013519287;True;1;K;2;4
1465419929.6447396;0.08373451232910156;True;KeyReleased: 49;K;2;4
1465419929.8175046;0.17276954650878906;True;1;K;2;4
1465419929.9107194;0.09321308135986328;True;KeyReleased: 49;K;2;4
1465419930.7726831;0.8619632720947266;False;switched to mouse;H;2;4
1465419944.6548996;2.9325485229492188e-05;True;switched to keyboard;H;2;5
1465419944.6549752;5.698204040527344e-05;True;1;K;2;5
1465419944.7068079;0.051844120025634766;True;KeyReleased: 49;K;2;5
1465419944.8706024;0.16379380226135254;True;1;K;2;5
1465419944.9474335;0.0768272876739502;True;KeyReleased: 49;K;2;5
1465419945.1278567;0.1804218292236328;True;1;K;2;5
1465419945.1987054;0.07084465026855469;True;KeyReleased: 49;K;2;5
1465419945.363133;0.16442513465881348;True;1;K;2;5
1465419945.44846;0.08532357215881348;True;KeyReleased: 49;K;2;5
1465419945.6048703;0.15640950202941895;True;1;K;2;5
1465419945.6954525;0.09057807922363281;True;KeyReleased: 49;K;2;5
1465419945.8636346;0.16818022727966309;True;1;K;2;5
1465419945.960026;0.09638833999633789;True;KeyReleased: 49;K;2;5
1465419946.1154766;0.1554412841796875;True;1;K;2;5
1465419946.197673;0.08219385147094727;True;KeyReleased: 49;K;2;5
1465419946.3691123;0.1714460849761963;True;1;K;2;5
1465419946.456696;0.08764433860778809;True;KeyReleased: 49;K;2;5
1465419946.6167347;0.1599717140197754;True;1;K;2;5
1465419946.7038155;0.08707737922668457;True;KeyReleased: 49;K;2;5
1465419946.87204;0.16822385787963867;True;1;K;2;5
1465419946.9554636;0.0834193229675293;True;KeyReleased: 49;K;2;5
1465419947.1222484;0.16678309440612793;True;1;K;2;5
1465419947.1825447;0.06029152870178223;True;KeyReleased: 49;K;2;5
1465419947.359009;0.17646241188049316;True;1;K;2;5
1465419947.4319892;0.07297754287719727;True;KeyReleased: 49;K;2;5
1465419947.6156707;0.18368053436279297;True;1;K;2;5
1465419947.709374;0.09370660781860352;True;KeyReleased: 49;K;2;5
1465419947.8721468;0.16276216506958008;True;1;K;2;5
1465419947.9390051;0.06685662269592285;True;KeyReleased: 49;K;2;5
1465419948.1179488;0.1789417266845703;True;1;K;2;5
1465419948.1713305;0.05337929725646973;True;KeyReleased: 49;K;2;5
1465419948.3526196;0.18135809898376465;True;1;K;2;5
1465419948.3743353;0.021638870239257812;True;KeyReleased: 49;K;2;5
1465419948.6019015;0.22756457328796387;True;1;K;2;5
1465419948.6577015;0.05579662322998047;True;KeyReleased: 49;K;2;5
1465419948.8480926;0.19039058685302734;True;1;K;2;5
1465419948.9161289;0.06803011894226074;True;KeyReleased: 49;K;2;5
1465419949.0795214;0.1633923053741455;True;1;K;2;5
1465419949.139436;0.05991053581237793;True;KeyReleased: 49;K;2;5
1465419949.318013;0.1785750389099121;True;1;K;2;5
1465419949.3729382;0.054921865463256836;True;KeyReleased: 49;K;2;5
1465419950.4641945;1.0912573337554932;False;switched to mouse;H;2;5
1465419961.4312332;2.8133392333984375e-05;True;switched to keyboard;H;2;5
1465419961.431306;5.459785461425781e-05;True;1;K;2;5
1465419961.480197;0.04890275001525879;True;KeyReleased: 49;K;2;5
1465419961.6168835;0.13668465614318848;True;1;K;2;5
1465419961.6914577;0.07457089424133301;True;KeyReleased: 49;K;2;5
1465419961.8495564;0.1580953598022461;True;1;K;2;5
1465419961.9247596;0.07519984245300293;True;KeyReleased: 49;K;2;5
1465419962.091238;0.16647791862487793;True;1;K;2;5
1465419962.1623163;0.0710747241973877;True;KeyReleased: 49;K;2;5
1465419962.3263342;0.1640157699584961;True;1;K;2;5
1465419962.3985047;0.07216882705688477;True;KeyReleased: 49;K;2;5
1465419962.5677629;0.16925573348999023;True;1;K;2;5
1465419962.6358504;0.06819963455200195;True;KeyReleased: 49;K;2;5
1465419962.8041615;0.16819381713867188;True;1;K;2;5
1465419962.8766267;0.07246685028076172;True;KeyReleased: 49;K;2;5
1465419963.050163;0.17352676391601562;True;1;K;2;5
1465419963.127836;0.07766938209533691;True;KeyReleased: 49;K;2;5
1465419963.2903016;0.16247129440307617;True;1;K;2;5
1465419963.3647904;0.07448053359985352;True;KeyReleased: 49;K;2;5
1465419963.5402145;0.17542362213134766;True;1;K;2;5
1465419963.5982187;0.0579991340637207;True;KeyReleased: 49;K;2;5
1465419963.7879548;0.1897287368774414;True;1;K;2;5
1465419963.8622777;0.07432055473327637;True;KeyReleased: 49;K;2;5
1465419964.0248137;0.16253972053527832;True;1;K;2;5
1465419964.1010482;0.07623291015625;True;KeyReleased: 49;K;2;5
1465419964.2604144;0.1593639850616455;True;1;K;2;5
1465419964.3344026;0.07398438453674316;True;KeyReleased: 49;K;2;5
1465419964.4973845;0.1629800796508789;True;1;K;2;5
1465419964.5686302;0.0712425708770752;True;KeyReleased: 49;K;2;5
1465419964.7230074;0.1543750762939453;True;1;K;2;5
1465419964.805829;0.08281731605529785;True;KeyReleased: 49;K;2;5
1465419964.9683654;0.1625356674194336;True;1;K;2;5
1465419965.0547764;0.08640694618225098;True;KeyReleased: 49;K;2;5
1465419965.2128942;0.15811634063720703;True;1;K;2;5
1465419965.2987158;0.08582520484924316;True;KeyReleased: 49;K;2;5
1465419965.463126;0.16440081596374512;True;1;K;2;5
1465419965.5408914;0.07776236534118652;True;KeyReleased: 49;K;2;5
1465419965.6942601;0.1533660888671875;True;1;K;2;5
1465419965.771653;0.07745003700256348;True;KeyReleased: 49;K;2;5
1465419965.93266;0.16094636917114258;True;1;K;2;5
1465419965.98942;0.056754350662231445;True;KeyReleased: 49;K;2;5
1465419966.532991;0.5435714721679688;False;switched to mouse;H;2;5
1465419991.0701578;1.3113021850585938e-05;False;Mouse Moved;P;1;1
1465419991.483697;0.41353487968444824;False;Mouse Moved;P;1;1
1465419991.883633;0.3999345302581787;False;Mouse Moved;P;1;1
1465419992.4974632;0.6138317584991455;False;Mouse Moved;P;1;1
1465419993.1136234;0.6161572933197021;False;Mouse Moved;P;1;1
1465419993.5695868;0.4559619426727295;False;Mouse Moved;P;1;1
1465419994.0562003;0.48661231994628906;False;Mouse Moved;P;1;1
1465419994.6715603;0.6153609752655029;False;Mouse Moved;P;1;1
1465419995.3196237;0.6480610370635986;False;Mouse Moved;P;1;1
1465419995.7356675;0.4160616397857666;False;Mouse Moved;P;1;1
1465419996.3096385;0.5739502906799316;False;Mouse Moved;P;1;1
1465419996.9175086;0.6078708171844482;False;Mouse Moved;P;1;1
1465419997.5956018;0.6780903339385986;False;Mouse Moved;P;1;1
1465419998.0114493;0.4158456325531006;False;Mouse Moved;P;1;1
1465419998.435656;0.424206018447876;False;Mouse Moved;P;1;1
1465419998.9457278;0.5100729465484619;False;Mouse Moved;P;1;1
1465419999.5699565;0.6242280006408691;False;Mouse Moved;P;1;1
1465419999.9696145;0.3996543884277344;False;Mouse Moved;P;1;1
1465420000.3463957;0.37677931785583496;False;Mouse Moved;P;1;1
1465420000.8318498;0.4854545593261719;False;Mouse Moved;P;1;1
1465420001.399585;0.5677332878112793;False;Mouse Moved;P;1;1
1465420001.7758389;0.3762531280517578;False;Mouse Moved;P;1;1
1465420002.2797134;0.5038731098175049;False;Mouse Moved;P;1;1
1465420003.1096704;0.8299577236175537;False;Mouse Moved;P;1;1
1465420017.8956003;1.1205673217773438e-05;False;Mouse Moved;P;1;2
1465420018.261502;0.36589860916137695;False;Mouse Moved;P;1;2
1465420018.7014735;0.4399707317352295;False;Mouse Moved;P;1;2
1465420019.2213974;0.5199244022369385;False;Mouse Moved;P;1;2
1465420019.749442;0.5280416011810303;False;Mouse Moved;P;1;2
1465420020.2116776;0.4622354507446289;False;Mouse Moved;P;1;2
1465420020.627578;0.41589879989624023;False;Mouse Moved;P;1;2
1465420021.3076448;0.680067777633667;False;Mouse Moved;P;1;2
1465420021.9161136;0.6084651947021484;False;Mouse Moved;P;1;2
1465420022.289524;0.3734095096588135;False;Mouse Moved;P;1;2
1465420022.6416306;0.35210585594177246;False;Mouse Moved;P;1;2
1465420023.2076013;0.5659713745117188;False;Mouse Moved;P;1;2
1465420023.7594993;0.5518946647644043;False;Mouse Moved;P;1;2
1465420024.1835642;0.42406368255615234;False;Mouse Moved;P;1;2
1465420024.6856086;0.5020434856414795;False;Mouse Moved;P;1;2
1465420025.3315504;0.6459426879882812;False;Mouse Moved;P;1;2
1465420025.8914723;0.5599195957183838;False;Mouse Moved;P;1;2
1465420026.2995024;0.40802836418151855;False;Mouse Moved;P;1;2
1465420026.7555315;0.4560279846191406;False;Mouse Moved;P;1;2
1465420027.473586;0.718055009841919;False;Mouse Moved;P;1;2
1465420050.239638;1.239776611328125e-05;False;Mouse Moved;P;1;3
1465420050.5676568;0.328016996383667;False;Mouse Moved;P;1;3
1465420050.9173632;0.3497042655944824;False;Mouse Moved;P;1;3
1465420051.53362;0.6162576675415039;False;Mouse Moved;P;1;3
1465420052.0377543;0.5041313171386719;False;Mouse Moved;P;1;3
1465420052.3655648;0.32781028747558594;False;Mouse Moved;P;1;3
1465420052.6931646;0.32759737968444824;False;Mouse Moved;P;1;3
1465420053.3234167;0.6302535533905029;False;Mouse Moved;P;1;3
1465420053.8192954;0.49587559700012207;False;Mouse Moved;P;1;3
1465420054.1873298;0.36803340911865234;False;Mouse Moved;P;1;3
1465420054.4524598;0.26512837409973145;False;Mouse Moved;P;1;3
1465420054.9565217;0.5040628910064697;False;Mouse Moved;P;1;3
1465420055.4334702;0.4769458770751953;False;Mouse Moved;P;1;3
1465420055.8171992;0.38372802734375;False;Mouse Moved;P;1;3
1465420056.345533;0.5283324718475342;False;Mouse Moved;P;1;3
1465420056.9455485;0.6000204086303711;False;Mouse Moved;P;1;3
1465420057.4254823;0.47992682456970215;False;Mouse Moved;P;1;3
1465420057.807362;0.3818786144256592;False;Mouse Moved;P;1;3
1465420058.2154753;0.4081120491027832;False;Mouse Moved;P;1;3
1465420058.7272272;0.5117526054382324;False;Mouse Moved;P;1;3
1465420074.4136376;1.239776611328125e-05;False;Mouse Moved;P;1;4
1465420074.8114235;0.3977828025817871;False;Mouse Moved;P;1;4
1465420075.2433786;0.43195366859436035;False;Mouse Moved;P;1;4
1465420076.6635203;1.4201421737670898;False;Mouse Moved;P;1;4
1465420077.1893473;0.525825023651123;False;Mouse Moved;P;1;4
1465420077.5580547;0.36870551109313965;False;Mouse Moved;P;1;4
1465420077.9013443;0.3432886600494385;False;Mouse Moved;P;1;4
1465420078.47537;0.5740258693695068;False;Mouse Moved;P;1;4
1465420079.108005;0.6326322555541992;False;Mouse Moved;P;1;4
1465420079.4833415;0.3753349781036377;False;Mouse Moved;P;1;4
1465420079.8754365;0.39209413528442383;False;Mouse Moved;P;1;4
1465420080.553483;0.6780476570129395;False;Mouse Moved;P;1;4
1465420081.1062665;0.5527799129486084;False;Mouse Moved;P;1;4
1465420081.4734368;0.3671691417694092;False;Mouse Moved;P;1;4
1465420082.0633612;0.5899231433868408;False;Mouse Moved;P;1;4
1465420082.8953915;0.8320317268371582;False;Mouse Moved;P;1;4
1465420083.3836198;0.48822450637817383;False;Mouse Moved;P;1;4
1465420083.7893846;0.4057648181915283;False;Mouse Moved;P;1;4
1465420084.1814997;0.39211392402648926;False;Mouse Moved;P;1;4
1465420084.9874096;0.8059103488922119;False;Mouse Moved;P;1;4
1465420097.1795893;1.1444091796875e-05;False;Mouse Moved;P;1;5
1465420097.595315;0.4157233238220215;False;Mouse Moved;P;1;5
1465420098.0034115;0.4080963134765625;False;Mouse Moved;P;1;5
1465420098.6354415;0.6320300102233887;False;Mouse Moved;P;1;5
1465420099.3613777;0.7259330749511719;False;Mouse Moved;P;1;5
1465420099.7133565;0.3519783020019531;False;Mouse Moved;P;1;5
1465420100.1052947;0.3919365406036377;False;Mouse Moved;P;1;5
1465420100.7913635;0.6860702037811279;False;Mouse Moved;P;1;5
1465420101.3355703;0.544203519821167;False;Mouse Moved;P;1;5
1465420101.7014647;0.3658936023712158;False;Mouse Moved;P;1;5
1465420102.0932872;0.39182138442993164;False;Mouse Moved;P;1;5
1465420102.7334108;0.6401238441467285;False;Mouse Moved;P;1;5
1465420103.2853935;0.5519797801971436;False;Mouse Moved;P;1;5
1465420103.6933925;0.40799808502197266;False;Mouse Moved;P;1;5
1465420104.0914087;0.39801573753356934;False;Mouse Moved;P;1;5
1465420105.0594459;0.9680376052856445;False;Mouse Moved;P;1;5
1465420105.6433835;0.5839343070983887;False;Mouse Moved;P;1;5
1465420106.001338;0.3579533100128174;False;Mouse Moved;P;1;5
1465420106.4813886;0.48005008697509766;False;Mouse Moved;P;1;5
1465420107.2974553;0.8160669803619385;False;Mouse Moved;P;1;5
1465420119.7295225;1.1682510375976562e-05;False;Mouse Moved;P;1;6
1465420120.1453898;0.4158642292022705;False;Mouse Moved;P;1;6
1465420120.55129;0.4058995246887207;False;Mouse Moved;P;1;6
1465420121.3755937;0.8243045806884766;False;Mouse Moved;P;1;6
1465420121.9171565;0.5415821075439453;False;Mouse Moved;P;1;6
1465420122.309324;0.39214468002319336;False;Mouse Moved;P;1;6
1465420122.7093978;0.4000725746154785;False;Mouse Moved;P;1;6
1465420123.4512105;0.7418136596679688;False;Mouse Moved;P;1;6
1465420123.9872832;0.5360724925994873;False;Mouse Moved;P;1;6
1465420124.3473995;0.36011195182800293;False;Mouse Moved;P;1;6
1465420124.7369957;0.38959407806396484;False;Mouse Moved;P;1;6
1465420125.4891062;0.7521116733551025;False;Mouse Moved;P;1;6
1465420125.9831612;0.4940526485443115;False;Mouse Moved;P;1;6
1465420126.3353772;0.3522152900695801;False;Mouse Moved;P;1;6
1465420126.7831964;0.4478180408477783;False;Mouse Moved;P;1;6
1465420127.4634476;0.6802513599395752;False;Mouse Moved;P;1;6
1465420128.0306404;0.567192554473877;False;Mouse Moved;P;1;6
1465420128.3972514;0.366607666015625;False;Mouse Moved;P;1;6
1465420128.9572237;0.5599713325500488;False;Mouse Moved;P;1;6
1465420129.6691346;0.7119123935699463;False;Mouse Moved;P;1;6
1465420172.919423;2.86102294921875e-05;True;switched to keyboard;H;4;1
1465420172.919495;5.316734313964844e-05;True;1;K;4;1
1465420173.0061502;0.08666563034057617;True;KeyReleased: 49;K;4;1
1465420173.2962644;0.2901139259338379;True;4;K;4;1
1465420173.4215384;0.12527108192443848;True;KeyReleased: 52;K;4;1
1465420173.6297941;0.20826053619384766;True;7;K;4;1
1465420173.701204;0.07139992713928223;True;KeyReleased: 55;K;4;1
1465420174.1587825;0.4575793743133545;True;Operations.ADD;K;4;1
1465420174.2623768;0.10358810424804688;True;KeyReleased: 43;K;4;1
1465420174.738588;0.4761974811553955;True;1;K;4;1
1465420174.8440287;0.10544943809509277;True;KeyReleased: 49;K;4;1
1465420175.054419;0.2103877067565918;True;4;K;4;1
1465420175.1373997;0.08297896385192871;True;KeyReleased: 52;K;4;1
1465420175.363155;0.2257528305053711;True;7;K;4;1
1465420175.4547558;0.0915975570678711;True;KeyReleased: 55;K;4;1
1465420175.970186;0.5154328346252441;True;Operations.ADD;K;4;1
1465420176.0672615;0.09706974029541016;True;KeyReleased: 43;K;4;1
1465420176.563684;0.49642133712768555;True;1;K;4;1
1465420176.6404867;0.07679986953735352;True;KeyReleased: 49;K;4;1
1465420176.8802588;0.23976993560791016;True;4;K;4;1
1465420176.9693112;0.08904814720153809;True;KeyReleased: 52;K;4;1
1465420177.180055;0.21074128150939941;True;7;K;4;1
1465420177.2645552;0.08449387550354004;True;KeyReleased: 55;K;4;1
1465420177.5804749;0.31592631340026855;True;Operations.ADD;K;4;1
1465420177.6655514;0.08506894111633301;True;KeyReleased: 43;K;4;1
1465420178.0715604;0.4060084819793701;True;1;K;4;1
1465420178.1773703;0.10580658912658691;True;KeyReleased: 49;K;4;1
1465420178.397789;0.22041559219360352;True;4;K;4;1
1465420178.4829857;0.08519339561462402;True;KeyReleased: 52;K;4;1
1465420178.6615834;0.17859649658203125;True;7;K;4;1
1465420178.7465818;0.08499526977539062;True;KeyReleased: 55;K;4;1
1465420179.0576613;0.3110809326171875;True;Operations.ADD;K;4;1
1465420179.142565;0.08489608764648438;True;KeyReleased: 43;K;4;1
1465420179.5211146;0.37854886054992676;True;1;K;4;1
1465420179.6032043;0.08208632469177246;True;KeyReleased: 49;K;4;1
1465420179.8041677;0.20096278190612793;True;4;K;4;1
1465420179.8884025;0.08423018455505371;True;KeyReleased: 52;K;4;1
1465420180.0772328;0.1888289451599121;True;7;K;4;1
1465420180.1624773;0.08524727821350098;True;KeyReleased: 55;K;4;1
1465420180.5690434;0.40656232833862305;True;Operations.ADD;K;4;1
1465420180.68125;0.11219978332519531;True;KeyReleased: 43;K;4;1
1465420181.1602118;0.47894978523254395;True;Operations.EQUALS;K;4;1
1465420181.2269018;0.06668567657470703;True;KeyReleased: 16777221;K;4;1
1465420181.8333173;0.6064231395721436;False;switched to mouse;H;4;1
1465420193.6136398;2.8848648071289062e-05;True;switched to keyboard;H;4;2
1465420193.6137106;5.269050598144531e-05;True;1;K;4;2
1465420193.6621423;0.04845118522644043;True;KeyReleased: 49;K;4;2
1465420193.864227;0.20220255851745605;True;4;K;4;2
1465420193.9390354;0.0746772289276123;True;KeyReleased: 52;K;4;2
1465420194.1563964;0.21735858917236328;True;7;K;4;2
1465420194.2315364;0.07513666152954102;True;KeyReleased: 55;K;4;2
1465420194.6069083;0.37537217140197754;True;Operations.ADD;K;4;2
1465420194.700171;0.09325695037841797;True;KeyReleased: 43;K;4;2
1465420195.0253673;0.3251938819885254;True;1;K;4;2
1465420195.1034536;0.07808351516723633;True;KeyReleased: 49;K;4;2
1465420195.296761;0.19330406188964844;True;4;K;4;2
1465420195.371967;0.0752105712890625;True;KeyReleased: 52;K;4;2
1465420195.545405;0.17342853546142578;True;7;K;4;2
1465420195.6092594;0.06385040283203125;True;KeyReleased: 55;K;4;2
1465420195.8989897;0.2897319793701172;True;Operations.ADD;K;4;2
1465420195.9824758;0.0834813117980957;True;KeyReleased: 43;K;4;2
1465420196.3719602;0.3894829750061035;True;1;K;4;2
1465420196.4460468;0.07409024238586426;True;KeyReleased: 49;K;4;2
1465420196.6304893;0.1844315528869629;True;4;K;4;2
1465420196.7069082;0.07641077041625977;True;KeyReleased: 52;K;4;2
1465420196.9087534;0.20184874534606934;True;7;K;4;2
1465420196.9894772;0.08071088790893555;True;KeyReleased: 55;K;4;2
1465420197.3636494;0.3741734027862549;True;Operations.ADD;K;4;2
1465420197.4489813;0.08532881736755371;True;KeyReleased: 43;K;4;2
1465420197.731385;0.282421350479126;True;1;K;4;2
1465420197.8069854;0.07559061050415039;True;KeyReleased: 49;K;4;2
1465420198.0153923;0.2084038257598877;True;4;K;4;2
1465420198.0925593;0.07716488838195801;True;KeyReleased: 52;K;4;2
1465420198.2586267;0.16606640815734863;True;7;K;4;2
1465420198.3376436;0.07901191711425781;True;KeyReleased: 55;K;4;2
1465420198.624482;0.28683972358703613;True;Operations.ADD;K;4;2
1465420198.696951;0.07246279716491699;True;KeyReleased: 43;K;4;2
1465420199.033081;0.33612775802612305;True;1;K;4;2
1465420199.1221802;0.0890960693359375;True;KeyReleased: 49;K;4;2
1465420199.2735887;0.15140652656555176;True;4;K;4;2
1465420199.3530996;0.07950901985168457;True;KeyReleased: 52;K;4;2
1465420199.524918;0.17180871963500977;True;7;K;4;2
1465420199.595524;0.07060384750366211;True;KeyReleased: 55;K;4;2
1465420199.87858;0.28305649757385254;True;Operations.ADD;K;4;2
1465420199.9634886;0.08490443229675293;True;KeyReleased: 43;K;4;2
1465420200.6235738;0.6600925922393799;False;switched to mouse;H;4;2
1465420215.8607552;2.86102294921875e-05;True;switched to keyboard;H;4;3
1465420215.8608284;5.459785461425781e-05;True;1;K;4;3
1465420215.933556;0.0727384090423584;True;KeyReleased: 49;K;4;3
1465420216.1181753;0.184617280960083;True;4;K;4;3
1465420216.1960416;0.07787108421325684;True;KeyReleased: 52;K;4;3
1465420216.3443027;0.14825153350830078;True;7;K;4;3
1465420216.4062858;0.061980247497558594;True;KeyReleased: 55;K;4;3
1465420216.8018353;0.3955502510070801;True;Operations.ADD;K;4;3
1465420216.8797982;0.0779569149017334;True;KeyReleased: 43;K;4;3
1465420217.155547;0.27574586868286133;True;1;K;4;3
1465420217.2251377;0.06958746910095215;True;KeyReleased: 49;K;4;3
1465420217.347626;0.12248682975769043;True;4;K;4;3
1465420217.4169462;0.06931757926940918;True;KeyReleased: 52;K;4;3
1465420217.5517862;0.13483834266662598;True;7;K;4;3
1465420217.611043;0.05925321578979492;True;KeyReleased: 55;K;4;3
1465420217.992599;0.3815584182739258;True;Operations.ADD;K;4;3
1465420218.0694463;0.07683968544006348;True;KeyReleased: 43;K;4;3
1465420218.3688724;0.2994256019592285;True;1;K;4;3
1465420218.4448056;0.07593011856079102;True;KeyReleased: 49;K;4;3
1465420218.5607705;0.11596393585205078;True;4;K;4;3
1465420218.6148508;0.054076433181762695;True;KeyReleased: 52;K;4;3
1465420218.7489607;0.1341090202331543;True;7;K;4;3
1465420218.8044531;0.05548834800720215;True;KeyReleased: 55;K;4;3
1465420219.5272536;0.722801923751831;True;Operations.ADD;K;4;3
1465420219.600371;0.07311439514160156;True;KeyReleased: 43;K;4;3
1465420221.71884;2.1184635162353516;True;1;K;4;3
1465420221.794939;0.0760958194732666;True;KeyReleased: 49;K;4;3
1465420221.9105093;0.11562728881835938;True;4;K;4;3
1465420221.9838932;0.07332062721252441;True;KeyReleased: 52;K;4;3
1465420222.1127677;0.1288743019104004;True;7;K;4;3
1465420222.1872354;0.07445549964904785;True;KeyReleased: 55;K;4;3
1465420222.897329;0.7101626396179199;True;Operations.ADD;K;4;3
1465420222.9763007;0.07890605926513672;True;KeyReleased: 43;K;4;3
1465420224.370631;1.3943192958831787;True;Operations.EQUALS;K;4;3
1465420224.4221182;0.05149388313293457;True;KeyReleased: 16777220;K;4;3
1465420226.2573376;1.8352363109588623;False;switched to mouse;H;4;3
1465420235.5754726;2.9325485229492188e-05;True;switched to keyboard;H;4;4
1465420235.5755434;5.269050598144531e-05;True;1;K;4;4
1465420235.6304948;0.054962873458862305;True;KeyReleased: 49;K;4;4
1465420235.744979;0.11448287963867188;True;4;K;4;4
1465420235.8136334;0.06865119934082031;True;KeyReleased: 52;K;4;4
1465420235.9309173;0.11728239059448242;True;7;K;4;4
1465420236.0014405;0.07051992416381836;True;KeyReleased: 55;K;4;4
1465420236.266368;0.26492810249328613;True;Operations.ADD;K;4;4
1465420236.3322845;0.06590938568115234;True;KeyReleased: 43;K;4;4
1465420236.5472262;0.21494054794311523;True;1;K;4;4
1465420236.6159437;0.06883883476257324;True;KeyReleased: 49;K;4;4
1465420236.7410054;0.12493610382080078;True;4;K;4;4
1465420236.8139439;0.07294178009033203;True;KeyReleased: 52;K;4;4
1465420236.9436126;0.12965893745422363;True;7;K;4;4
1465420237.0141485;0.07053208351135254;True;KeyReleased: 55;K;4;4
1465420237.2448952;0.23074889183044434;True;Operations.ADD;K;4;4
1465420237.3251195;0.08021831512451172;True;KeyReleased: 43;K;4;4
1465420237.5234532;0.19833111763000488;True;1;K;4;4
1465420237.6116014;0.08814358711242676;True;KeyReleased: 49;K;4;4
1465420237.7222326;0.11063218116760254;True;4;K;4;4
1465420237.7958198;0.07358193397521973;True;KeyReleased: 52;K;4;4
1465420237.9094768;0.11365532875061035;True;7;K;4;4
1465420237.9817982;0.07231926918029785;True;KeyReleased: 55;K;4;4
1465420238.2208643;0.2390584945678711;True;Operations.ADD;K;4;4
1465420238.297887;0.07701945304870605;True;KeyReleased: 43;K;4;4
1465420238.533066;0.23519253730773926;True;1;K;4;4
1465420238.607544;0.07446646690368652;True;KeyReleased: 49;K;4;4
1465420238.7263296;0.11878800392150879;True;4;K;4;4
1465420238.7903075;0.06397128105163574;True;KeyReleased: 52;K;4;4
1465420238.908263;0.11795377731323242;True;7;K;4;4
1465420238.9722447;0.06397819519042969;True;KeyReleased: 55;K;4;4
1465420239.2088125;0.23657011985778809;True;Operations.ADD;K;4;4
1465420239.2939656;0.0851449966430664;True;KeyReleased: 43;K;4;4
1465420239.6061597;0.3121945858001709;True;1;K;4;4
1465420239.6712887;0.06512641906738281;True;KeyReleased: 49;K;4;4
1465420239.795276;0.12397146224975586;True;4;K;4;4
1465420239.8710473;0.07577013969421387;True;KeyReleased: 52;K;4;4
1465420239.9939027;0.12285542488098145;True;7;K;4;4
1465420240.0671036;0.07319903373718262;True;KeyReleased: 55;K;4;4
1465420240.314677;0.2475733757019043;True;Operations.ADD;K;4;4
1465420240.3950346;0.08035731315612793;True;KeyReleased: 43;K;4;4
1465420240.6383185;0.2433011531829834;True;1;K;4;4
1465420240.7155595;0.07723116874694824;True;KeyReleased: 49;K;4;4
1465420240.832157;0.11659717559814453;True;4;K;4;4
1465420240.9015;0.06933879852294922;True;KeyReleased: 52;K;4;4
1465420241.7515326;0.8500308990478516;True;7;K;4;4
1465420241.8186228;0.06709551811218262;True;KeyReleased: 55;K;4;4
1465420242.3608913;0.5422468185424805;True;Operations.EQUALS;K;4;4
1465420242.4405293;0.07964444160461426;True;KeyReleased: 16777221;K;4;4
1465420243.305217;0.8646879196166992;False;switched to mouse;H;4;4
1465420269.048884;1.1920928955078125e-05;False;Mouse Moved;P;5;1
1465420269.9829562;0.9340713024139404;False;Mouse Moved;P;5;1
1465420270.6716826;0.6887216567993164;True;switched to keyboard;H;5;1
1465420270.671702;1.3589859008789062e-05;True;2;K;5;1
1465420270.756469;0.08478331565856934;True;KeyReleased: 50;K;5;1
1465420271.1175735;0.36110544204711914;True;Operations.ADD;K;5;1
1465420271.2295918;0.11201357841491699;True;KeyReleased: 43;K;5;1
1465420271.7181783;0.4885885715484619;False;switched to mouse;H;5;1
1465420272.258958;0.5407609939575195;False;Mouse Moved;P;5;1
1465420273.0407355;0.7817790508270264;False;Mouse Moved;P;5;1
1465420274.0446918;1.0039653778076172;True;switched to keyboard;H;5;1
1465420274.0447466;3.719329833984375e-05;True;2;K;5;1
1465420274.1530135;0.10828042030334473;True;KeyReleased: 50;K;5;1
1465420274.4358847;0.28287243843078613;True;Operations.ADD;K;5;1
1465420274.554287;0.11839437484741211;True;KeyReleased: 43;K;5;1
1465420275.0720503;0.517892599105835;False;switched to mouse;H;5;1
1465420276.3090193;1.2368237972259521;False;Mouse Moved;P;5;1
1465420277.0430245;0.7340066432952881;False;Mouse Moved;P;5;1
1465420277.795694;0.7527368068695068;True;switched to keyboard;H;5;1
1465420277.7958105;4.0531158447265625e-05;True;2;K;5;1
1465420277.9222212;0.12642335891723633;True;KeyReleased: 50;K;5;1
1465420278.1147811;0.19256019592285156;True;Operations.ADD;K;5;1
1465420278.2429388;0.12815380096435547;True;KeyReleased: 43;K;5;1
1465420278.7041588;0.46121978759765625;False;switched to mouse;H;5;1
1465420279.327003;0.622826337814331;False;Mouse Moved;P;5;1
1465420280.3709593;1.043956995010376;False;Mouse Moved;P;5;1
1465420281.2754438;0.9044928550720215;True;switched to keyboard;H;5;1
1465420281.2754996;3.8623809814453125e-05;True;2;K;5;1
1465420281.3776472;0.10216116905212402;True;KeyReleased: 50;K;5;1
1465420281.5951538;0.21750807762145996;True;Operations.ADD;K;5;1
1465420281.7031922;0.1080317497253418;True;KeyReleased: 43;K;5;1
1465420282.1857152;0.4825246334075928;False;switched to mouse;H;5;1
1465420282.9268916;0.741156816482544;False;Mouse Moved;P;5;1
1465420283.542774;0.6158838272094727;False;Mouse Moved;P;5;1
1465420284.0875833;0.5448052883148193;True;switched to keyboard;H;5;1
1465420284.0876026;1.2636184692382812e-05;True;2;K;5;1
1465420284.1705372;0.08294248580932617;True;KeyReleased: 50;K;5;1
1465420284.4543858;0.28384947776794434;True;Operations.ADD;K;5;1
1465420284.5630069;0.10861754417419434;True;KeyReleased: 43;K;5;1
1465420285.068346;0.5053515434265137;False;switched to mouse;H;5;1
1465420313.360992;1.1682510375976562e-05;False;Mouse Moved;P;5;2
1465420313.9509192;0.5899262428283691;False;Mouse Moved;P;5;2
1465420314.8091888;0.8582684993743896;True;switched to keyboard;H;5;2
1465420314.8092158;1.8596649169921875e-05;True;2;K;5;2
1465420314.9154854;0.10628676414489746;True;KeyReleased: 50;K;5;2
1465420315.185504;0.2700207233428955;True;Operations.ADD;K;5;2
1465420315.2774243;0.09191274642944336;True;KeyReleased: 43;K;5;2
1465420315.7252994;0.44786858558654785;False;switched to mouse;H;5;2
1465420316.8409102;1.1156015396118164;False;Mouse Moved;P;5;2
1465420317.3207767;0.47986721992492676;False;Mouse Moved;P;5;2
1465420317.925334;0.6045665740966797;True;switched to keyboard;H;5;2
1465420317.9254513;0.00010251998901367188;True;2;K;5;2
1465420318.0041127;0.07867169380187988;True;KeyReleased: 50;K;5;2
1465420318.269617;0.2655043601989746;True;Operations.ADD;K;5;2
1465420318.3574536;0.0878291130065918;True;KeyReleased: 43;K;5;2
1465420318.8303857;0.47293591499328613;False;switched to mouse;H;5;2
1465420319.3469598;0.5165548324584961;False;Mouse Moved;P;5;2
1465420319.976619;0.6296603679656982;False;Mouse Moved;P;5;2
1465420320.6237354;0.6471197605133057;True;switched to keyboard;H;5;2
1465420320.6237757;2.6941299438476562e-05;True;2;K;5;2
1465420320.6990066;0.0752406120300293;True;KeyReleased: 50;K;5;2
1465420320.9944332;0.29543495178222656;True;Operations.ADD;K;5;2
1465420321.0855734;0.09113311767578125;True;KeyReleased: 43;K;5;2
1465420321.5521297;0.4665656089782715;False;switched to mouse;H;5;2
1465420322.2287943;0.6766383647918701;False;Mouse Moved;P;5;2
1465420322.8186874;0.5899002552032471;False;Mouse Moved;P;5;2
1465420323.4353814;0.6166913509368896;True;switched to keyboard;H;5;2
1465420323.4354236;2.8371810913085938e-05;True;2;K;5;2
1465420323.528574;0.09316158294677734;True;KeyReleased: 50;K;5;2
1465420323.7567167;0.2281498908996582;True;Operations.ADD;K;5;2
1465420323.8548214;0.09809684753417969;True;KeyReleased: 43;K;5;2
1465420324.3362103;0.48139047622680664;False;switched to mouse;H;5;2
1465420324.9189794;0.5827507972717285;False;Mouse Moved;P;5;2
1465420325.5407255;0.6217479705810547;False;Mouse Moved;P;5;2
1465420326.0935938;0.55287766456604;True;switched to keyboard;H;5;2
1465420326.0936499;3.838539123535156e-05;True;2;K;5;2
1465420326.191081;0.09744405746459961;True;KeyReleased: 50;K;5;2
1465420326.41641;0.22533392906188965;True;Operations.ADD;K;5;2
1465420326.521499;0.10507941246032715;True;KeyReleased: 43;K;5;2
1465420327.0499885;0.5284910202026367;False;switched to mouse;H;5;2
1465420327.494858;0.4448516368865967;False;Mouse Moved;P;5;2
1465420344.4868307;1.2874603271484375e-05;False;Mouse Moved;P;5;3
1465420345.2628026;0.7759702205657959;False;Mouse Moved;P;5;3
1465420345.8426094;0.5798232555389404;True;switched to keyboard;H;5;3
1465420345.8426921;6.270408630371094e-05;True;2;K;5;3
1465420345.8948154;0.052124977111816406;True;KeyReleased: 50;K;5;3
1465420346.1411765;0.2463688850402832;True;Operations.ADD;K;5;3
1465420346.216875;0.0756995677947998;True;KeyReleased: 43;K;5;3
1465420346.6521854;0.4353032112121582;False;switched to mouse;H;5;3
1465420347.4488497;0.7966456413269043;False;Mouse Moved;P;5;3
1465420347.976799;0.5279502868652344;False;Mouse Moved;P;5;3
1465420348.5680826;0.5912926197052002;True;switched to keyboard;H;5;3
1465420348.56814;3.981590270996094e-05;True;2;K;5;3
1465420348.6542218;0.08609485626220703;True;KeyReleased: 50;K;5;3
1465420348.8494349;0.19521355628967285;True;Operations.ADD;K;5;3
1465420348.9188533;0.0694117546081543;True;KeyReleased: 43;K;5;3
1465420349.4138985;0.49504637718200684;False;switched to mouse;H;5;3
1465420350.0587602;0.6448445320129395;False;Mouse Moved;P;5;3
1465420350.6808348;0.6220757961273193;False;Mouse Moved;P;5;3
1465420351.352706;0.671879768371582;True;switched to keyboard;H;5;3
1465420351.3527603;3.790855407714844e-05;True;2;K;5;3
1465420351.422286;0.06953787803649902;True;KeyReleased: 50;K;5;3
1465420351.5943065;0.17202162742614746;True;Operations.ADD;K;5;3
1465420351.6604383;0.06612515449523926;True;KeyReleased: 43;K;5;3
1465420352.1658869;0.5054492950439453;False;switched to mouse;H;5;3
1465420352.8027802;0.636876106262207;False;Mouse Moved;P;5;3
1465420353.3929482;0.5901687145233154;False;Mouse Moved;P;5;3
1465420354.1249704;0.7320890426635742;True;switched to keyboard;H;5;3
1465420354.125087;4.1484832763671875e-05;True;2;K;5;3
1465420354.1972518;0.07218360900878906;True;KeyReleased: 50;K;5;3
1465420354.3384035;0.141143798828125;True;Operations.ADD;K;5;3
1465420354.4044328;0.0660254955291748;True;KeyReleased: 43;K;5;3
1465420354.845991;0.441556453704834;False;switched to mouse;H;5;3
1465420355.5946455;0.7486388683319092;False;Mouse Moved;P;5;3
1465420356.464651;0.8700065612792969;False;Mouse Moved;P;5;3
1465420357.176887;0.7122418880462646;True;switched to keyboard;H;5;3
1465420357.176936;3.409385681152344e-05;True;2;K;5;3
1465420357.2452161;0.0682973861694336;True;KeyReleased: 50;K;5;3
1465420357.375889;0.13066768646240234;True;Operations.ADD;K;5;3
1465420357.4502792;0.07439422607421875;True;KeyReleased: 43;K;5;3
1465420357.7042897;0.25399065017700195;True;Operations.EQUALS;K;5;3
1465420357.758587;0.05429506301879883;True;KeyReleased: 16777221;K;5;3
1465420358.5406094;0.7820351123809814;False;switched to mouse;H;5;3
1465420369.376765;1.2874603271484375e-05;False;Mouse Moved;P;5;4
1465420370.1908062;0.8140401840209961;False;Mouse Moved;P;5;4
1465420371.0536902;0.8628902435302734;True;switched to keyboard;H;5;4
1465420371.053744;3.886222839355469e-05;True;2;K;5;4
1465420371.1021805;0.04845094680786133;True;KeyReleased: 50;K;5;4
1465420371.2967901;0.1946103572845459;True;Operations.ADD;K;5;4
1465420371.3746698;0.07787322998046875;True;KeyReleased: 43;K;5;4
1465420371.8438284;0.4691593647003174;False;switched to mouse;H;5;4
1465420372.561415;0.7175679206848145;False;Mouse Moved;P;5;4
1465420373.396621;0.8352077007293701;False;Mouse Moved;P;5;4
1465420374.0607438;0.6641323566436768;True;switched to keyboard;H;5;4
1465420374.0607994;3.7670135498046875e-05;True;2;K;5;4
1465420374.1336277;0.07284164428710938;True;KeyReleased: 50;K;5;4
1465420374.343089;0.20946216583251953;True;Operations.ADD;K;5;4
1465420374.4132195;0.07012486457824707;True;KeyReleased: 43;K;5;4
1465420374.8316891;0.418468713760376;False;switched to mouse;H;5;4
1465420375.532478;0.7007722854614258;False;Mouse Moved;P;5;4
1465420376.2587419;0.7262649536132812;False;Mouse Moved;P;5;4
1465420376.985678;0.7269442081451416;True;switched to keyboard;H;5;4
1465420376.9857335;3.886222839355469e-05;True;2;K;5;4
1465420377.0575378;0.07181739807128906;True;KeyReleased: 50;K;5;4
1465420377.285073;0.22753691673278809;True;Operations.ADD;K;5;4
1465420377.351722;0.06664228439331055;True;KeyReleased: 43;K;5;4
1465420377.7856605;0.43393802642822266;False;switched to mouse;H;5;4
1465420378.3745394;0.5888626575469971;False;Mouse Moved;P;5;4
1465420379.0766966;0.7021589279174805;False;Mouse Moved;P;5;4
1465420379.7695487;0.692859411239624;True;switched to keyboard;H;5;4
1465420379.7696016;3.62396240234375e-05;True;2;K;5;4
1465420379.8466706;0.07708120346069336;True;KeyReleased: 50;K;5;4
1465420380.0712123;0.22454309463500977;True;Operations.ADD;K;5;4
1465420380.1432967;0.07208037376403809;True;KeyReleased: 43;K;5;4
1465420380.5782444;0.43494701385498047;False;switched to mouse;H;5;4
1465420381.2387412;0.660480260848999;False;Mouse Moved;P;5;4
1465420381.9407108;0.7019710540771484;False;Mouse Moved;P;5;4
1465420382.5544853;0.6137816905975342;True;switched to keyboard;H;5;4
1465420382.5545387;3.6716461181640625e-05;True;2;K;5;4
1465420382.6248398;0.07031488418579102;True;KeyReleased: 50;K;5;4
1465420382.793468;0.16862845420837402;True;Operations.ADD;K;5;4
1465420382.8691142;0.07564020156860352;True;KeyReleased: 43;K;5;4
1465420383.0843785;0.21525192260742188;True;Operations.EQUALS;K;5;4
1465420383.1290305;0.04464983940124512;True;KeyReleased: 16777221;K;5;4
1465420384.1757083;1.0466914176940918;False;switched to mouse;H;5;4
