timestamp,time_passed,is_keyboard,event,operator,task_id,repetition
1465418991.53787,1.43051147460938E-05,False,Mouse Moved,P,1,1
1465418991.89003,0.352152586,False,1,B,1,1
1465418992.19219,0.3021583557,False,1,B,1,1
1465418992.51347,0.3212833405,False,1,B,1,1
1465418992.82452,0.3110451698,False,1,B,1,1
1465418993.13662,0.3120970726,False,1,B,1,1
1465418993.44884,0.3122270107,False,1,B,1,1
1465418993.75128,0.3024353981,False,1,B,1,1
1465418994.10306,0.3517796993,False,1,B,1,1
1465418994.41535,0.3122866154,False,1,B,1,1
1465418994.72739,0.3120388985,False,1,B,1,1
1465418995.05369,0.3262960911,False,1,B,1,1
1465418995.38188,0.3281960487,False,1,B,1,1
1465418995.73402,0.3521409035,False,1,B,1,1
1465418996.10023,0.3662064075,False,1,B,1,1
1465418996.4345,0.3342638016,False,1,B,1,1
1465418996.78659,0.3520920277,False,1,B,1,1
1465418997.1306,0.3440084457,False,1,B,1,1
1465418997.48893,0.3583295345,False,1,B,1,1
1465418997.84157,0.3526408672,False,1,B,1,1
1465419079.22771,1.19209289550781E-05,False,Mouse Moved,P,1,2
1465419079.40344,0.1757214069,False,1,B,1,2
1465419079.59366,0.1902205944,False,1,B,1,2
1465419079.79382,0.2001533508,False,1,B,1,2
1465419080.02599,0.2321746349,False,1,B,1,2
1465419080.23997,0.2139782906,False,1,B,1,2
1465419080.44801,0.2080414295,False,1,B,1,2
1465419080.68022,0.2322070599,False,1,B,1,2
1465419080.89431,0.2140889168,False,1,B,1,2
1465419081.11019,0.2158749104,False,1,B,1,2
1465419081.33448,0.2242882252,False,1,B,1,2
1465419081.53465,0.2001781464,False,1,B,1,2
1465419081.74267,0.2080109119,False,1,B,1,2
1465419081.95681,0.2141373158,False,1,B,1,2
1465419082.14906,0.1922547817,False,1,B,1,2
1465419082.36508,0.2160129547,False,1,B,1,2
1465419082.58917,0.2240908146,False,1,B,1,2
1465419082.80315,0.2139804363,False,1,B,1,2
1465419083.04335,0.2402038574,False,1,B,1,2
1465419083.25948,0.2161231041,False,1,B,1,2
1465419083.48963,0.2301518917,False,1,B,1,2
1465419083.71373,0.2240982056,False,1,B,1,2
1465419083.93776,0.2240250111,False,1,B,1,2
1465419120.54632,1.23977661132813E-05,False,Mouse Moved,P,1,3
1465419120.76211,0.2157840729,False,1,B,1,3
1465419120.99428,0.232178688,False,1,B,1,3
1465419121.21015,0.2158596516,False,1,B,1,3
1465419121.43255,0.2223987579,False,1,B,1,3
1465419121.66461,0.232060194,False,1,B,1,3
1465419121.89719,0.2325770855,False,1,B,1,3
1465419122.12085,0.22366786,False,1,B,1,3
1465419122.34309,0.2222387791,False,1,B,1,3
1465419122.57512,0.2320232391,False,1,B,1,3
1465419122.80508,0.2299566269,False,1,B,1,3
1465419123.02925,0.2241690159,False,1,B,1,3
1465419123.23766,0.2084081173,False,1,B,1,3
1465419123.47744,0.2397842407,False,1,B,1,3
1465419123.69353,0.2160844803,False,1,B,1,3
1465419123.9157,0.222173214,False,1,B,1,3
1465419124.1559,0.2402019501,False,1,B,1,3
1465419124.39388,0.2379772663,False,1,B,1,3
1465419124.6499,0.256016016,False,1,B,1,3
1465419124.89624,0.2463383675,False,1,B,1,3
1465419158.00475,1.26361846923828E-05,False,Mouse Moved,P,1,4
1465419158.2368,0.232047081,False,1,B,1,4
1465419158.48289,0.246086359,False,1,B,1,4
1465419158.71507,0.2321817875,False,1,B,1,4
1465419158.95544,0.2403616905,False,1,B,1,4
1465419159.20141,0.2459700108,False,1,B,1,4
1465419159.44136,0.2399456501,False,1,B,1,4
1465419159.68141,0.2400512695,False,1,B,1,4
1465419159.90552,0.2241091728,False,1,B,1,4
1465419160.13566,0.2301361561,False,1,B,1,4
1465419160.38383,0.2481763363,False,1,B,1,4
1465419160.63207,0.2482326031,False,1,B,1,4
1465419160.86411,0.2320382595,False,1,B,1,4
1465419161.08034,0.2162303925,False,1,B,1,4
1465419161.31832,0.2379803658,False,1,B,1,4
1465419161.55843,0.2401101589,False,1,B,1,4
1465419161.7826,0.2241647243,False,1,B,1,4
1465419162.00702,0.2244434357,False,1,B,1,4
1465419162.23678,0.229739666,False,1,B,1,4
1465419162.46071,0.2239234447,False,1,B,1,4
1465419210.52498,1.16825103759766E-05,False,Mouse Moved,P,1,5
1465419210.6688,0.1438221931,False,1,B,1,5
1465419210.85313,0.1843204498,False,1,B,1,5
1465419211.02107,0.1679475307,False,1,B,1,5
1465419211.19715,0.1760752201,False,1,B,1,5
1465419211.38114,0.1839900017,False,1,B,1,5
1465419211.55529,0.1741502285,False,1,B,1,5
1465419211.73939,0.1840932369,False,1,B,1,5
1465419211.91534,0.1759550571,False,1,B,1,5
1465419212.09953,0.184189558,False,1,B,1,5
1465419212.28371,0.1841702461,False,1,B,1,5
1465419212.46587,0.1821677685,False,1,B,1,5
1465419212.65777,0.1918940544,False,1,B,1,5
1465419212.83377,0.1759953499,False,1,B,1,5
1465419213.02607,0.1923029423,False,1,B,1,5
1465419213.2186,0.192530632,False,1,B,1,5
1465419213.40997,0.1913642883,False,1,B,1,5
1465419213.60032,0.1903545856,False,1,B,1,5
1465419213.79212,0.1917991638,False,1,B,1,5
1465419213.98454,0.1924142838,False,1,B,1,5
1465419244.96189,1.19209289550781E-05,False,Mouse Moved,P,1,6
1465419245.11994,0.1580414772,False,1,B,1,6
1465419245.29848,0.1785478592,False,1,B,1,6
1465419245.4801,0.1816093922,False,1,B,1,6
1465419245.65627,0.1761741638,False,1,B,1,6
1465419245.82436,0.1680920124,False,1,B,1,6
1465419246.02442,0.2000579834,False,1,B,1,6
1465419246.20834,0.1839199066,False,1,B,1,6
1465419246.38454,0.1761922836,False,1,B,1,6
1465419246.57676,0.1922254562,False,1,B,1,6
1465419246.7668,0.1900305748,False,1,B,1,6
1465419246.95891,0.1921184063,False,1,B,1,6
1465419247.15147,0.1925532818,False,1,B,1,6
1465419247.33501,0.1835408211,False,1,B,1,6
1465419247.51899,0.1839761734,False,1,B,1,6
1465419247.70936,0.1903693676,False,1,B,1,6
1465419247.89344,0.1840751171,False,1,B,1,6
1465419248.09321,0.1997740269,False,1,B,1,6
1465419248.27746,0.1842508316,False,1,B,1,6
1465419248.48561,0.2081496716,False,1,B,1,6
1465419844.91387,0.000027895,True,switched to keyboard,H,2,1
1465419844.91395,0.000056982,True,1,K,2,1
1465419844.95096,0.0370211601,True,KeyReleased: 49,K,2,1
1465419845.11641,0.165446043,True,1,K,2,1
1465419845.18594,0.0696837902,True,KeyReleased: 49,K,2,1
1465419845.35434,0.168364048,True,1,K,2,1
1465419845.42361,0.0691535473,True,KeyReleased: 49,K,2,1
1465419845.58682,0.1632089615,True,1,K,2,1
1465419845.64657,0.0597374439,True,KeyReleased: 49,K,2,1
1465419845.78055,0.1339800358,True,1,K,2,1
1465419845.84063,0.0600814819,True,KeyReleased: 49,K,2,1
1465419846.0058,0.1651628017,True,1,K,2,1
1465419846.0576,0.0518019199,True,KeyReleased: 49,K,2,1
1465419846.25457,0.1969692707,True,1,K,2,1
1465419846.31792,0.0634491444,True,KeyReleased: 49,K,2,1
1465419846.51564,0.1976046562,True,1,K,2,1
1465419846.57564,0.0599999428,True,KeyReleased: 49,K,2,1
1465419846.74236,0.1667175293,True,1,K,2,1
1465419846.80252,0.0601580143,True,KeyReleased: 49,K,2,1
1465419846.96071,0.1581809521,True,1,K,2,1
1465419847.02714,0.0664348602,True,KeyReleased: 49,K,2,1
1465419847.20335,0.1762127876,True,1,K,2,1
1465419847.25819,0.0548503399,True,KeyReleased: 49,K,2,1
1465419847.42563,0.1674263477,True,1,K,2,1
1465419847.48347,0.0578365326,True,KeyReleased: 49,K,2,1
1465419847.66463,0.1811563969,True,1,K,2,1
1465419847.72504,0.0604145527,True,KeyReleased: 49,K,2,1
1465419847.90561,0.180567503,True,1,K,2,1
1465419847.96765,0.0620312691,True,KeyReleased: 49,K,2,1
1465419848.1567,0.1890490055,True,1,K,2,1
1465419848.2111,0.0543985367,True,KeyReleased: 49,K,2,1
1465419848.40369,0.1925868988,True,1,K,2,1
1465419848.45971,0.056024313,True,KeyReleased: 49,K,2,1
1465419848.64298,0.1832654476,True,1,K,2,1
1465419848.7038,0.0608129501,True,KeyReleased: 49,K,2,1
1465419848.88221,0.1784081459,True,1,K,2,1
1465419848.94098,0.0587692261,True,KeyReleased: 49,K,2,1
1465419849.13582,0.1948330402,True,1,K,2,1
1465419849.18931,0.0535006523,True,KeyReleased: 49,K,2,1
1465419849.37609,0.1867749691,True,1,K,2,1
1465419849.43944,0.0633461475,True,KeyReleased: 49,K,2,1
1465419878.54529,0.000030756,True,switched to keyboard,H,2,2
1465419878.54537,5.53131103515625E-05,True,1,K,2,2
1465419878.59114,0.0457832813,True,KeyReleased: 49,K,2,2
1465419878.78401,0.1928758621,True,1,K,2,2
1465419878.8454,0.0613882542,True,KeyReleased: 49,K,2,2
1465419879.02704,0.181633234,True,1,K,2,2
1465419879.08738,0.060336113,True,KeyReleased: 49,K,2,2
1465419879.26646,0.1790742874,True,1,K,2,2
1465419879.32935,0.0628919601,True,KeyReleased: 49,K,2,2
1465419879.53953,0.2101755142,True,1,K,2,2
1465419879.60003,0.0605013371,True,KeyReleased: 49,K,2,2
1465419879.78917,0.1891365051,True,1,K,2,2
1465419879.85132,0.0621502399,True,KeyReleased: 49,K,2,2
1465419880.04145,0.1901230812,True,1,K,2,2
1465419880.10355,0.0621013641,True,KeyReleased: 49,K,2,2
1465419880.28094,0.1773881912,True,1,K,2,2
1465419880.33582,0.0548756123,True,KeyReleased: 49,K,2,2
1465419880.52612,0.1902930737,True,1,K,2,2
1465419880.58168,0.055555582,True,KeyReleased: 49,K,2,2
1465419880.79109,0.209403038,True,1,K,2,2
1465419880.85507,0.063986063,True,KeyReleased: 49,K,2,2
1465419881.04235,0.1872787476,True,1,K,2,2
1465419881.09598,0.0536310673,True,KeyReleased: 49,K,2,2
1465419881.27171,0.1757240295,True,1,K,2,2
1465419881.32825,0.0565366745,True,KeyReleased: 49,K,2,2
1465419881.54579,0.2175433636,True,1,K,2,2
1465419881.59343,0.0476326942,True,KeyReleased: 49,K,2,2
1465419881.79622,0.2027859688,True,1,K,2,2
1465419881.85095,0.0547304153,True,KeyReleased: 49,K,2,2
1465419882.04241,0.1914553642,True,1,K,2,2
1465419882.10061,0.0581982136,True,KeyReleased: 49,K,2,2
1465419882.2967,0.1960861683,True,1,K,2,2
1465419882.34689,0.0501906872,True,KeyReleased: 49,K,2,2
1465419882.54212,0.1952242851,True,1,K,2,2
1465419882.59675,0.0546276569,True,KeyReleased: 49,K,2,2
1465419882.78856,0.1918098927,True,1,K,2,2
1465419882.847,0.0585012436,True,KeyReleased: 49,K,2,2
1465419883.04243,0.195366621,True,1,K,2,2
1465419883.08542,0.0429894924,True,KeyReleased: 49,K,2,2
1465419883.2944,0.2089698315,True,1,K,2,2
1465419883.35929,0.06488657,True,KeyReleased: 49,K,2,2
1465419883.8905,0.5312094688,False,switched to mouse,H,2,2
1465419902.11734,2.57492065429687E-05,True,switched to keyboard,H,2,3
1465419902.1174,4.88758087158203E-05,True,1,K,2,3
1465419902.16708,0.0496783257,True,KeyReleased: 49,K,2,3
1465419902.34897,0.181902647,True,1,K,2,3
1465419902.40568,0.0567014217,True,KeyReleased: 49,K,2,3
1465419902.59668,0.190997839,True,1,K,2,3
1465419902.65564,0.0589609146,True,KeyReleased: 49,K,2,3
1465419902.83576,0.1801187992,True,1,K,2,3
1465419902.89478,0.059015274,True,KeyReleased: 49,K,2,3
1465419903.07494,0.1801548004,True,1,K,2,3
1465419903.13912,0.0641751289,True,KeyReleased: 49,K,2,3
1465419903.31533,0.1762137413,True,1,K,2,3
1465419903.37749,0.0621526241,True,KeyReleased: 49,K,2,3
1465419903.56688,0.1893923283,True,1,K,2,3
1465419903.62451,0.057623148,True,KeyReleased: 49,K,2,3
1465419903.81722,0.1927073002,True,1,K,2,3
1465419903.87589,0.0586614609,True,KeyReleased: 49,K,2,3
1465419904.05514,0.1792526245,True,1,K,2,3
1465419904.11301,0.0578632355,True,KeyReleased: 49,K,2,3
1465419904.29383,0.1808269024,True,1,K,2,3
1465419904.3563,0.0624654293,True,KeyReleased: 49,K,2,3
1465419904.53609,0.1797950268,True,1,K,2,3
1465419904.59622,0.0601239204,True,KeyReleased: 49,K,2,3
1465419904.7781,0.1818683147,True,1,K,2,3
1465419904.81681,0.0387120247,True,KeyReleased: 49,K,2,3
1465419905.05727,0.2404630184,True,1,K,2,3
1465419905.10547,0.0481972694,True,KeyReleased: 49,K,2,3
1465419905.29353,0.1880507469,True,1,K,2,3
1465419905.34732,0.0537893772,True,KeyReleased: 49,K,2,3
1465419905.54945,0.2021167278,True,1,K,2,3
1465419905.60748,0.058028698,True,KeyReleased: 49,K,2,3
1465419905.80552,0.1980493069,True,1,K,2,3
1465419905.85906,0.0535395145,True,KeyReleased: 49,K,2,3
1465419906.05647,0.1974081993,True,1,K,2,3
1465419906.11453,0.0580546856,True,KeyReleased: 49,K,2,3
1465419906.30396,0.189428091,True,1,K,2,3
1465419906.35978,0.0558235645,True,KeyReleased: 49,K,2,3
1465419906.55851,0.1987307072,True,1,K,2,3
1465419906.61999,0.0614671707,True,KeyReleased: 49,K,2,3
1465419906.81906,0.1990730762,True,1,K,2,3
1465419906.89806,0.0789933205,True,KeyReleased: 49,K,2,3
1465419907.26659,0.3685274124,False,switched to mouse,H,2,3
1465419925.14034,0.000030756,True,switched to keyboard,H,2,4
1465419925.14041,0.000056982,True,1,K,2,4
1465419925.18401,0.0436058044,True,KeyReleased: 49,K,2,4
1465419925.34291,0.1589026451,True,1,K,2,4
1465419925.41602,0.0731034279,True,KeyReleased: 49,K,2,4
1465419925.58936,0.1733341217,True,1,K,2,4
1465419925.66528,0.0759203434,True,KeyReleased: 49,K,2,4
1465419925.82264,0.1573543549,True,1,K,2,4
1465419925.9011,0.0784652233,True,KeyReleased: 49,K,2,4
1465419926.07164,0.1705360413,True,1,K,2,4
1465419926.15419,0.082542181,True,KeyReleased: 49,K,2,4
1465419926.31863,0.1644356251,True,1,K,2,4
1465419926.40093,0.0823030472,True,KeyReleased: 49,K,2,4
1465419926.56314,0.1622071266,True,1,K,2,4
1465419926.6473,0.084151268,True,KeyReleased: 49,K,2,4
1465419926.81369,0.1663966179,True,1,K,2,4
1465419926.9004,0.0866980553,True,KeyReleased: 49,K,2,4
1465419927.06012,0.1597189903,True,1,K,2,4
1465419927.1484,0.0882747173,True,KeyReleased: 49,K,2,4
1465419927.30743,0.1590306759,True,1,K,2,4
1465419927.40237,0.0949425697,True,KeyReleased: 49,K,2,4
1465419927.5701,0.1677196026,True,1,K,2,4
1465419927.64971,0.079613924,True,KeyReleased: 49,K,2,4
1465419927.80997,0.1602594852,True,1,K,2,4
1465419927.90032,0.0903446674,True,KeyReleased: 49,K,2,4
1465419928.06344,0.1631140709,True,1,K,2,4
1465419928.13966,0.0762188435,True,KeyReleased: 49,K,2,4
1465419928.31401,0.1743433475,True,1,K,2,4
1465419928.38091,0.066896677,True,KeyReleased: 49,K,2,4
1465419928.55633,0.1754245758,True,1,K,2,4
1465419928.63812,0.0817837715,True,KeyReleased: 49,K,2,4
1465419928.81685,0.1787264347,True,1,K,2,4
1465419928.89499,0.0781357288,True,KeyReleased: 49,K,2,4
1465419929.05343,0.1584486961,True,1,K,2,4
1465419929.13917,0.085726738,True,KeyReleased: 49,K,2,4
1465419929.31272,0.1735534668,True,1,K,2,4
1465419929.40868,0.0959508419,True,KeyReleased: 49,K,2,4
1465419929.561,0.1523149014,True,1,K,2,4
1465419929.64474,0.0837345123,True,KeyReleased: 49,K,2,4
1465419929.8175,0.1727695465,True,1,K,2,4
1465419929.91072,0.0932130814,True,KeyReleased: 49,K,2,4
1465419930.77268,0.8619632721,False,switched to mouse,H,2,4
1465419944.6549,2.93254852294922E-05,True,switched to keyboard,H,2,5
1465419944.65498,0.000056982,True,1,K,2,5
1465419944.70681,0.05184412,True,KeyReleased: 49,K,2,5
1465419944.8706,0.1637938023,True,1,K,2,5
1465419944.94743,0.0768272877,True,KeyReleased: 49,K,2,5
1465419945.12786,0.1804218292,True,1,K,2,5
1465419945.19871,0.0708446503,True,KeyReleased: 49,K,2,5
1465419945.36313,0.1644251347,True,1,K,2,5
1465419945.44846,0.0853235722,True,KeyReleased: 49,K,2,5
1465419945.60487,0.156409502,True,1,K,2,5
1465419945.69545,0.0905780792,True,KeyReleased: 49,K,2,5
1465419945.86363,0.1681802273,True,1,K,2,5
1465419945.96003,0.09638834,True,KeyReleased: 49,K,2,5
1465419946.11548,0.1554412842,True,1,K,2,5
1465419946.19767,0.0821938515,True,KeyReleased: 49,K,2,5
1465419946.36911,0.171446085,True,1,K,2,5
1465419946.4567,0.0876443386,True,KeyReleased: 49,K,2,5
1465419946.61673,0.159971714,True,1,K,2,5
1465419946.70382,0.0870773792,True,KeyReleased: 49,K,2,5
1465419946.87204,0.1682238579,True,1,K,2,5
1465419946.95546,0.083419323,True,KeyReleased: 49,K,2,5
1465419947.12225,0.1667830944,True,1,K,2,5
1465419947.18254,0.0602915287,True,KeyReleased: 49,K,2,5
1465419947.35901,0.1764624119,True,1,K,2,5
1465419947.43199,0.0729775429,True,KeyReleased: 49,K,2,5
1465419947.61567,0.1836805344,True,1,K,2,5
1465419947.70937,0.0937066078,True,KeyReleased: 49,K,2,5
1465419947.87215,0.1627621651,True,1,K,2,5
1465419947.93901,0.0668566227,True,KeyReleased: 49,K,2,5
1465419948.11795,0.1789417267,True,1,K,2,5
1465419948.17133,0.0533792973,True,KeyReleased: 49,K,2,5
1465419948.35262,0.181358099,True,1,K,2,5
1465419948.37434,0.0216388702,True,KeyReleased: 49,K,2,5
1465419948.6019,0.2275645733,True,1,K,2,5
1465419948.6577,0.0557966232,True,KeyReleased: 49,K,2,5
1465419948.84809,0.1903905869,True,1,K,2,5
1465419948.91613,0.0680301189,True,KeyReleased: 49,K,2,5
1465419949.07952,0.1633923054,True,1,K,2,5
1465419949.13944,0.0599105358,True,KeyReleased: 49,K,2,5
1465419949.31801,0.1785750389,True,1,K,2,5
1465419949.37294,0.0549218655,True,KeyReleased: 49,K,2,5
1465419950.46419,1.0912573338,False,switched to mouse,H,2,5
1465419961.43123,2.81333923339844E-05,True,switched to keyboard,H,2,5
1465419961.43131,5.45978546142578E-05,True,1,K,2,5
1465419961.4802,0.04890275,True,KeyReleased: 49,K,2,5
1465419961.61688,0.1366846561,True,1,K,2,5
1465419961.69146,0.0745708942,True,KeyReleased: 49,K,2,5
1465419961.84956,0.1580953598,True,1,K,2,5
1465419961.92476,0.0751998425,True,KeyReleased: 49,K,2,5
1465419962.09124,0.1664779186,True,1,K,2,5
1465419962.16232,0.0710747242,True,KeyReleased: 49,K,2,5
1465419962.32633,0.16401577,True,1,K,2,5
1465419962.3985,0.0721688271,True,KeyReleased: 49,K,2,5
1465419962.56776,0.1692557335,True,1,K,2,5
1465419962.63585,0.0681996346,True,KeyReleased: 49,K,2,5
1465419962.80416,0.1681938171,True,1,K,2,5
1465419962.87663,0.0724668503,True,KeyReleased: 49,K,2,5
1465419963.05016,0.1735267639,True,1,K,2,5
1465419963.12784,0.0776693821,True,KeyReleased: 49,K,2,5
1465419963.2903,0.1624712944,True,1,K,2,5
1465419963.36479,0.0744805336,True,KeyReleased: 49,K,2,5
1465419963.54021,0.1754236221,True,1,K,2,5
1465419963.59822,0.0579991341,True,KeyReleased: 49,K,2,5
1465419963.78795,0.1897287369,True,1,K,2,5
1465419963.86228,0.0743205547,True,KeyReleased: 49,K,2,5
1465419964.02481,0.1625397205,True,1,K,2,5
1465419964.10105,0.0762329102,True,KeyReleased: 49,K,2,5
1465419964.26041,0.1593639851,True,1,K,2,5
1465419964.3344,0.0739843845,True,KeyReleased: 49,K,2,5
1465419964.49738,0.1629800797,True,1,K,2,5
1465419964.56863,0.0712425709,True,KeyReleased: 49,K,2,5
1465419964.72301,0.1543750763,True,1,K,2,5
1465419964.80583,0.0828173161,True,KeyReleased: 49,K,2,5
1465419964.96837,0.1625356674,True,1,K,2,5
1465419965.05478,0.0864069462,True,KeyReleased: 49,K,2,5
1465419965.21289,0.1581163406,True,1,K,2,5
1465419965.29872,0.0858252048,True,KeyReleased: 49,K,2,5
1465419965.46313,0.164400816,True,1,K,2,5
1465419965.54089,0.0777623653,True,KeyReleased: 49,K,2,5
1465419965.69426,0.1533660889,True,1,K,2,5
1465419965.77165,0.077450037,True,KeyReleased: 49,K,2,5
1465419965.93266,0.1609463692,True,1,K,2,5
1465419965.98942,0.0567543507,True,KeyReleased: 49,K,2,5
1465419966.53299,0.5435714722,False,switched to mouse,H,2,5
1465419991.07016,0.000013113,False,Mouse Moved,P,1,1
1465419991.4837,0.4135348797,False,Mouse Moved,P,1,1
1465419991.88363,0.3999345303,False,Mouse Moved,P,1,1
1465419992.49746,0.6138317585,False,Mouse Moved,P,1,1
1465419993.11362,0.6161572933,False,Mouse Moved,P,1,1
1465419993.56959,0.4559619427,False,Mouse Moved,P,1,1
1465419994.0562,0.4866123199,False,Mouse Moved,P,1,1
1465419994.67156,0.6153609753,False,Mouse Moved,P,1,1
1465419995.31962,0.6480610371,False,Mouse Moved,P,1,1
1465419995.73567,0.4160616398,False,Mouse Moved,P,1,1
1465419996.30964,0.5739502907,False,Mouse Moved,P,1,1
1465419996.91751,0.6078708172,False,Mouse Moved,P,1,1
1465419997.5956,0.6780903339,False,Mouse Moved,P,1,1
1465419998.01145,0.4158456326,False,Mouse Moved,P,1,1
1465419998.43566,0.4242060184,False,Mouse Moved,P,1,1
1465419998.94573,0.5100729465,False,Mouse Moved,P,1,1
1465419999.56996,0.6242280006,False,Mouse Moved,P,1,1
1465419999.96961,0.3996543884,False,Mouse Moved,P,1,1
1465420000.3464,0.3767793179,False,Mouse Moved,P,1,1
1465420000.83185,0.4854545593,False,Mouse Moved,P,1,1
1465420001.39959,0.5677332878,False,Mouse Moved,P,1,1
1465420001.77584,0.3762531281,False,Mouse Moved,P,1,1
1465420002.27971,0.5038731098,False,Mouse Moved,P,1,1
1465420003.10967,0.8299577236,False,Mouse Moved,P,1,1
1465420017.8956,1.12056732177734E-05,False,Mouse Moved,P,1,2
1465420018.2615,0.3658986092,False,Mouse Moved,P,1,2
1465420018.70147,0.4399707317,False,Mouse Moved,P,1,2
1465420019.2214,0.5199244022,False,Mouse Moved,P,1,2
1465420019.74944,0.5280416012,False,Mouse Moved,P,1,2
1465420020.21168,0.4622354507,False,Mouse Moved,P,1,2
1465420020.62758,0.4158987999,False,Mouse Moved,P,1,2
1465420021.30764,0.6800677776,False,Mouse Moved,P,1,2
1465420021.91611,0.6084651947,False,Mouse Moved,P,1,2
1465420022.28952,0.3734095097,False,Mouse Moved,P,1,2
1465420022.64163,0.3521058559,False,Mouse Moved,P,1,2
1465420023.2076,0.5659713745,False,Mouse Moved,P,1,2
1465420023.7595,0.5518946648,False,Mouse Moved,P,1,2
1465420024.18356,0.4240636826,False,Mouse Moved,P,1,2
1465420024.68561,0.5020434856,False,Mouse Moved,P,1,2
1465420025.33155,0.645942688,False,Mouse Moved,P,1,2
1465420025.89147,0.5599195957,False,Mouse Moved,P,1,2
1465420026.2995,0.4080283642,False,Mouse Moved,P,1,2
1465420026.75553,0.4560279846,False,Mouse Moved,P,1,2
1465420027.47359,0.7180550098,False,Mouse Moved,P,1,2
1465420050.23964,1.23977661132813E-05,False,Mouse Moved,P,1,3
1465420050.56766,0.3280169964,False,Mouse Moved,P,1,3
1465420050.91736,0.3497042656,False,Mouse Moved,P,1,3
1465420051.53362,0.6162576675,False,Mouse Moved,P,1,3
1465420052.03775,0.5041313171,False,Mouse Moved,P,1,3
1465420052.36556,0.3278102875,False,Mouse Moved,P,1,3
1465420052.69316,0.3275973797,False,Mouse Moved,P,1,3
1465420053.32342,0.6302535534,False,Mouse Moved,P,1,3
1465420053.8193,0.495875597,False,Mouse Moved,P,1,3
1465420054.18733,0.3680334091,False,Mouse Moved,P,1,3
1465420054.45246,0.2651283741,False,Mouse Moved,P,1,3
1465420054.95652,0.504062891,False,Mouse Moved,P,1,3
1465420055.43347,0.4769458771,False,Mouse Moved,P,1,3
1465420055.8172,0.3837280273,False,Mouse Moved,P,1,3
1465420056.34553,0.5283324718,False,Mouse Moved,P,1,3
1465420056.94555,0.6000204086,False,Mouse Moved,P,1,3
1465420057.42548,0.4799268246,False,Mouse Moved,P,1,3
1465420057.80736,0.3818786144,False,Mouse Moved,P,1,3
1465420058.21548,0.4081120491,False,Mouse Moved,P,1,3
1465420058.72723,0.5117526054,False,Mouse Moved,P,1,3
1465420074.41364,1.23977661132813E-05,False,Mouse Moved,P,1,4
1465420074.81142,0.3977828026,False,Mouse Moved,P,1,4
1465420075.24338,0.4319536686,False,Mouse Moved,P,1,4
1465420076.66352,1.4201421738,False,Mouse Moved,P,1,4
1465420077.18935,0.5258250237,False,Mouse Moved,P,1,4
1465420077.55805,0.3687055111,False,Mouse Moved,P,1,4
1465420077.90134,0.34328866,False,Mouse Moved,P,1,4
1465420078.47537,0.5740258694,False,Mouse Moved,P,1,4
1465420079.10801,0.6326322556,False,Mouse Moved,P,1,4
1465420079.48334,0.3753349781,False,Mouse Moved,P,1,4
1465420079.87544,0.3920941353,False,Mouse Moved,P,1,4
1465420080.55348,0.678047657,False,Mouse Moved,P,1,4
1465420081.10627,0.5527799129,False,Mouse Moved,P,1,4
1465420081.47344,0.3671691418,False,Mouse Moved,P,1,4
1465420082.06336,0.5899231434,False,Mouse Moved,P,1,4
1465420082.89539,0.8320317268,False,Mouse Moved,P,1,4
1465420083.38362,0.4882245064,False,Mouse Moved,P,1,4
1465420083.78938,0.4057648182,False,Mouse Moved,P,1,4
1465420084.1815,0.392113924,False,Mouse Moved,P,1,4
1465420084.98741,0.8059103489,False,Mouse Moved,P,1,4
1465420097.17959,1.1444091796875E-05,False,Mouse Moved,P,1,5
1465420097.59532,0.4157233238,False,Mouse Moved,P,1,5
1465420098.00341,0.4080963135,False,Mouse Moved,P,1,5
1465420098.63544,0.6320300102,False,Mouse Moved,P,1,5
1465420099.36138,0.725933075,False,Mouse Moved,P,1,5
1465420099.71336,0.351978302,False,Mouse Moved,P,1,5
1465420100.10529,0.3919365406,False,Mouse Moved,P,1,5
1465420100.79136,0.6860702038,False,Mouse Moved,P,1,5
1465420101.33557,0.5442035198,False,Mouse Moved,P,1,5
1465420101.70146,0.3658936024,False,Mouse Moved,P,1,5
1465420102.09329,0.3918213844,False,Mouse Moved,P,1,5
1465420102.73341,0.6401238441,False,Mouse Moved,P,1,5
1465420103.28539,0.5519797802,False,Mouse Moved,P,1,5
1465420103.69339,0.407998085,False,Mouse Moved,P,1,5
1465420104.09141,0.3980157375,False,Mouse Moved,P,1,5
1465420105.05945,0.9680376053,False,Mouse Moved,P,1,5
1465420105.64338,0.5839343071,False,Mouse Moved,P,1,5
1465420106.00134,0.35795331,False,Mouse Moved,P,1,5
1465420106.48139,0.480050087,False,Mouse Moved,P,1,5
1465420107.29746,0.8160669804,False,Mouse Moved,P,1,5
1465420119.72952,1.16825103759766E-05,False,Mouse Moved,P,1,6
1465420120.14539,0.4158642292,False,Mouse Moved,P,1,6
1465420120.55129,0.4058995247,False,Mouse Moved,P,1,6
1465420121.37559,0.8243045807,False,Mouse Moved,P,1,6
1465420121.91716,0.5415821075,False,Mouse Moved,P,1,6
1465420122.30932,0.39214468,False,Mouse Moved,P,1,6
1465420122.7094,0.4000725746,False,Mouse Moved,P,1,6
1465420123.45121,0.7418136597,False,Mouse Moved,P,1,6
1465420123.98728,0.5360724926,False,Mouse Moved,P,1,6
1465420124.3474,0.3601119518,False,Mouse Moved,P,1,6
1465420124.737,0.3895940781,False,Mouse Moved,P,1,6
1465420125.48911,0.7521116734,False,Mouse Moved,P,1,6
1465420125.98316,0.4940526485,False,Mouse Moved,P,1,6
1465420126.33538,0.3522152901,False,Mouse Moved,P,1,6
1465420126.7832,0.4478180408,False,Mouse Moved,P,1,6
1465420127.46345,0.6802513599,False,Mouse Moved,P,1,6
1465420128.03064,0.5671925545,False,Mouse Moved,P,1,6
1465420128.39725,0.366607666,False,Mouse Moved,P,1,6
1465420128.95722,0.5599713326,False,Mouse Moved,P,1,6
1465420129.66913,0.7119123936,False,Mouse Moved,P,1,6
1465420172.91942,2.86102294921875E-05,True,switched to keyboard,H,4,1
1465420172.9195,5.31673431396484E-05,True,1,K,4,1
1465420173.00615,0.0866656303,True,KeyReleased: 49,K,4,1
1465420173.29626,0.2901139259,True,4,K,4,1
1465420173.42154,0.1252710819,True,KeyReleased: 52,K,4,1
1465420173.62979,0.2082605362,True,7,K,4,1
1465420173.7012,0.0713999271,True,KeyReleased: 55,K,4,1
1465420174.15878,0.4575793743,True,Operations.ADD,K,4,1
1465420174.26238,0.1035881042,True,KeyReleased: 43,K,4,1
1465420174.73859,0.4761974812,True,1,K,4,1
1465420174.84403,0.1054494381,True,KeyReleased: 49,K,4,1
1465420175.05442,0.2103877068,True,4,K,4,1
1465420175.1374,0.0829789639,True,KeyReleased: 52,K,4,1
1465420175.36315,0.2257528305,True,7,K,4,1
1465420175.45476,0.0915975571,True,KeyReleased: 55,K,4,1
1465420175.97019,0.5154328346,True,Operations.ADD,K,4,1
1465420176.06726,0.0970697403,True,KeyReleased: 43,K,4,1
1465420176.56368,0.4964213371,True,1,K,4,1
1465420176.64049,0.0767998695,True,KeyReleased: 49,K,4,1
1465420176.88026,0.2397699356,True,4,K,4,1
1465420176.96931,0.0890481472,True,KeyReleased: 52,K,4,1
1465420177.18005,0.2107412815,True,7,K,4,1
1465420177.26456,0.0844938755,True,KeyReleased: 55,K,4,1
1465420177.58048,0.3159263134,True,Operations.ADD,K,4,1
1465420177.66555,0.0850689411,True,KeyReleased: 43,K,4,1
1465420178.07156,0.406008482,True,1,K,4,1
1465420178.17737,0.1058065891,True,KeyReleased: 49,K,4,1
1465420178.39779,0.2204155922,True,4,K,4,1
1465420178.48299,0.0851933956,True,KeyReleased: 52,K,4,1
1465420178.66158,0.1785964966,True,7,K,4,1
1465420178.74658,0.0849952698,True,KeyReleased: 55,K,4,1
1465420179.05766,0.3110809326,True,Operations.ADD,K,4,1
1465420179.14257,0.0848960876,True,KeyReleased: 43,K,4,1
1465420179.52111,0.3785488605,True,1,K,4,1
1465420179.6032,0.0820863247,True,KeyReleased: 49,K,4,1
1465420179.80417,0.2009627819,True,4,K,4,1
1465420179.8884,0.0842301846,True,KeyReleased: 52,K,4,1
1465420180.07723,0.1888289452,True,7,K,4,1
1465420180.16248,0.0852472782,True,KeyReleased: 55,K,4,1
1465420180.56904,0.4065623283,True,Operations.ADD,K,4,1
1465420180.68125,0.1121997833,True,KeyReleased: 43,K,4,1
1465420181.16021,0.4789497852,True,Operations.EQUALS,K,4,1
1465420181.2269,0.0666856766,True,KeyReleased: 16777221,K,4,1
1465420181.83332,0.6064231396,False,switched to mouse,H,4,1
1465420193.61364,2.88486480712891E-05,True,switched to keyboard,H,4,2
1465420193.61371,5.26905059814453E-05,True,1,K,4,2
1465420193.66214,0.0484511852,True,KeyReleased: 49,K,4,2
1465420193.86423,0.2022025585,True,4,K,4,2
1465420193.93904,0.0746772289,True,KeyReleased: 52,K,4,2
1465420194.1564,0.2173585892,True,7,K,4,2
1465420194.23154,0.0751366615,True,KeyReleased: 55,K,4,2
1465420194.60691,0.3753721714,True,Operations.ADD,K,4,2
1465420194.70017,0.0932569504,True,KeyReleased: 43,K,4,2
1465420195.02537,0.325193882,True,1,K,4,2
1465420195.10345,0.0780835152,True,KeyReleased: 49,K,4,2
1465420195.29676,0.1933040619,True,4,K,4,2
1465420195.37197,0.0752105713,True,KeyReleased: 52,K,4,2
1465420195.54541,0.1734285355,True,7,K,4,2
1465420195.60926,0.0638504028,True,KeyReleased: 55,K,4,2
1465420195.89899,0.2897319794,True,Operations.ADD,K,4,2
1465420195.98248,0.0834813118,True,KeyReleased: 43,K,4,2
1465420196.37196,0.389482975,True,1,K,4,2
1465420196.44605,0.0740902424,True,KeyReleased: 49,K,4,2
1465420196.63049,0.1844315529,True,4,K,4,2
1465420196.70691,0.0764107704,True,KeyReleased: 52,K,4,2
1465420196.90875,0.2018487453,True,7,K,4,2
1465420196.98948,0.0807108879,True,KeyReleased: 55,K,4,2
1465420197.36365,0.3741734028,True,Operations.ADD,K,4,2
1465420197.44898,0.0853288174,True,KeyReleased: 43,K,4,2
1465420197.73139,0.2824213505,True,1,K,4,2
1465420197.80699,0.0755906105,True,KeyReleased: 49,K,4,2
1465420198.01539,0.2084038258,True,4,K,4,2
1465420198.09256,0.0771648884,True,KeyReleased: 52,K,4,2
1465420198.25863,0.1660664082,True,7,K,4,2
1465420198.33764,0.0790119171,True,KeyReleased: 55,K,4,2
1465420198.62448,0.2868397236,True,Operations.ADD,K,4,2
1465420198.69695,0.0724627972,True,KeyReleased: 43,K,4,2
1465420199.03308,0.336127758,True,1,K,4,2
1465420199.12218,0.0890960693,True,KeyReleased: 49,K,4,2
1465420199.27359,0.1514065266,True,4,K,4,2
1465420199.3531,0.0795090199,True,KeyReleased: 52,K,4,2
1465420199.52492,0.1718087196,True,7,K,4,2
1465420199.59552,0.0706038475,True,KeyReleased: 55,K,4,2
1465420199.87858,0.2830564976,True,Operations.ADD,K,4,2
1465420199.96349,0.0849044323,True,KeyReleased: 43,K,4,2
1465420200.62357,0.6600925922,False,switched to mouse,H,4,2
1465420215.86076,2.86102294921875E-05,True,switched to keyboard,H,4,3
1465420215.86083,5.45978546142578E-05,True,1,K,4,3
1465420215.93356,0.072738409,True,KeyReleased: 49,K,4,3
1465420216.11818,0.184617281,True,4,K,4,3
1465420216.19604,0.0778710842,True,KeyReleased: 52,K,4,3
1465420216.3443,0.1482515335,True,7,K,4,3
1465420216.40629,0.0619802475,True,KeyReleased: 55,K,4,3
1465420216.80184,0.395550251,True,Operations.ADD,K,4,3
1465420216.8798,0.0779569149,True,KeyReleased: 43,K,4,3
1465420217.15555,0.2757458687,True,1,K,4,3
1465420217.22514,0.0695874691,True,KeyReleased: 49,K,4,3
1465420217.34763,0.1224868298,True,4,K,4,3
1465420217.41695,0.0693175793,True,KeyReleased: 52,K,4,3
1465420217.55179,0.1348383427,True,7,K,4,3
1465420217.61104,0.0592532158,True,KeyReleased: 55,K,4,3
1465420217.9926,0.3815584183,True,Operations.ADD,K,4,3
1465420218.06945,0.0768396854,True,KeyReleased: 43,K,4,3
1465420218.36887,0.299425602,True,1,K,4,3
1465420218.44481,0.0759301186,True,KeyReleased: 49,K,4,3
1465420218.56077,0.1159639359,True,4,K,4,3
1465420218.61485,0.0540764332,True,KeyReleased: 52,K,4,3
1465420218.74896,0.1341090202,True,7,K,4,3
1465420218.80445,0.055488348,True,KeyReleased: 55,K,4,3
1465420219.52725,0.7228019238,True,Operations.ADD,K,4,3
1465420219.60037,0.0731143951,True,KeyReleased: 43,K,4,3
1465420221.71884,2.1184635162,True,1,K,4,3
1465420221.79494,0.0760958195,True,KeyReleased: 49,K,4,3
1465420221.91051,0.1156272888,True,4,K,4,3
1465420221.98389,0.0733206272,True,KeyReleased: 52,K,4,3
1465420222.11277,0.1288743019,True,7,K,4,3
1465420222.18724,0.0744554996,True,KeyReleased: 55,K,4,3
1465420222.89733,0.7101626396,True,Operations.ADD,K,4,3
1465420222.9763,0.0789060593,True,KeyReleased: 43,K,4,3
1465420224.37063,1.3943192959,True,Operations.EQUALS,K,4,3
1465420224.42212,0.0514938831,True,KeyReleased: 16777220,K,4,3
1465420226.25734,1.835236311,False,switched to mouse,H,4,3
1465420235.57547,2.93254852294922E-05,True,switched to keyboard,H,4,4
1465420235.57554,5.26905059814453E-05,True,1,K,4,4
1465420235.63049,0.0549628735,True,KeyReleased: 49,K,4,4
1465420235.74498,0.1144828796,True,4,K,4,4
1465420235.81363,0.0686511993,True,KeyReleased: 52,K,4,4
1465420235.93092,0.1172823906,True,7,K,4,4
1465420236.00144,0.0705199242,True,KeyReleased: 55,K,4,4
1465420236.26637,0.2649281025,True,Operations.ADD,K,4,4
1465420236.33228,0.0659093857,True,KeyReleased: 43,K,4,4
1465420236.54723,0.2149405479,True,1,K,4,4
1465420236.61594,0.0688388348,True,KeyReleased: 49,K,4,4
1465420236.74101,0.1249361038,True,4,K,4,4
1465420236.81394,0.0729417801,True,KeyReleased: 52,K,4,4
1465420236.94361,0.1296589375,True,7,K,4,4
1465420237.01415,0.0705320835,True,KeyReleased: 55,K,4,4
1465420237.2449,0.2307488918,True,Operations.ADD,K,4,4
1465420237.32512,0.0802183151,True,KeyReleased: 43,K,4,4
1465420237.52345,0.1983311176,True,1,K,4,4
1465420237.6116,0.0881435871,True,KeyReleased: 49,K,4,4
1465420237.72223,0.1106321812,True,4,K,4,4
1465420237.79582,0.073581934,True,KeyReleased: 52,K,4,4
1465420237.90948,0.1136553288,True,7,K,4,4
1465420237.9818,0.0723192692,True,KeyReleased: 55,K,4,4
1465420238.22086,0.2390584946,True,Operations.ADD,K,4,4
1465420238.29789,0.077019453,True,KeyReleased: 43,K,4,4
1465420238.53307,0.2351925373,True,1,K,4,4
1465420238.60754,0.0744664669,True,KeyReleased: 49,K,4,4
1465420238.72633,0.1187880039,True,4,K,4,4
1465420238.79031,0.0639712811,True,KeyReleased: 52,K,4,4
1465420238.90826,0.1179537773,True,7,K,4,4
1465420238.97224,0.0639781952,True,KeyReleased: 55,K,4,4
1465420239.20881,0.2365701199,True,Operations.ADD,K,4,4
1465420239.29397,0.0851449966,True,KeyReleased: 43,K,4,4
1465420239.60616,0.3121945858,True,1,K,4,4
1465420239.67129,0.0651264191,True,KeyReleased: 49,K,4,4
1465420239.79528,0.1239714622,True,4,K,4,4
1465420239.87105,0.0757701397,True,KeyReleased: 52,K,4,4
1465420239.9939,0.1228554249,True,7,K,4,4
1465420240.0671,0.0731990337,True,KeyReleased: 55,K,4,4
1465420240.31468,0.2475733757,True,Operations.ADD,K,4,4
1465420240.39503,0.0803573132,True,KeyReleased: 43,K,4,4
1465420240.63832,0.2433011532,True,1,K,4,4
1465420240.71556,0.0772311687,True,KeyReleased: 49,K,4,4
1465420240.83216,0.1165971756,True,4,K,4,4
1465420240.9015,0.0693387985,True,KeyReleased: 52,K,4,4
1465420241.75153,0.850030899,True,7,K,4,4
1465420241.81862,0.0670955181,True,KeyReleased: 55,K,4,4
1465420242.36089,0.5422468185,True,Operations.EQUALS,K,4,4
1465420242.44053,0.0796444416,True,KeyReleased: 16777221,K,4,4
1465420243.30522,0.8646879196,False,switched to mouse,H,4,4
1465420269.04888,1.19209289550781E-05,False,Mouse Moved,P,5,1
1465420269.98296,0.9340713024,False,Mouse Moved,P,5,1
1465420270.67168,0.6887216568,True,switched to keyboard,H,5,1
1465420270.6717,1.35898590087891E-05,True,2,K,5,1
1465420270.75647,0.0847833157,True,KeyReleased: 50,K,5,1
1465420271.11757,0.361105442,True,Operations.ADD,K,5,1
1465420271.22959,0.1120135784,True,KeyReleased: 43,K,5,1
1465420271.71818,0.4885885715,False,switched to mouse,H,5,1
1465420272.25896,0.540760994,False,Mouse Moved,P,5,1
1465420273.04074,0.7817790508,False,Mouse Moved,P,5,1
1465420274.04469,1.0039653778,True,switched to keyboard,H,5,1
1465420274.04475,3.71932983398437E-05,True,2,K,5,1
1465420274.15301,0.1082804203,True,KeyReleased: 50,K,5,1
1465420274.43588,0.2828724384,True,Operations.ADD,K,5,1
1465420274.55429,0.1183943748,True,KeyReleased: 43,K,5,1
1465420275.07205,0.5178925991,False,switched to mouse,H,5,1
1465420276.30902,1.2368237972,False,Mouse Moved,P,5,1
1465420277.04302,0.7340066433,False,Mouse Moved,P,5,1
1465420277.79569,0.7527368069,True,switched to keyboard,H,5,1
1465420277.79581,4.05311584472656E-05,True,2,K,5,1
1465420277.92222,0.1264233589,True,KeyReleased: 50,K,5,1
1465420278.11478,0.1925601959,True,Operations.ADD,K,5,1
1465420278.24294,0.128153801,True,KeyReleased: 43,K,5,1
1465420278.70416,0.4612197876,False,switched to mouse,H,5,1
1465420279.327,0.6228263378,False,Mouse Moved,P,5,1
1465420280.37096,1.043956995,False,Mouse Moved,P,5,1
1465420281.27544,0.9044928551,True,switched to keyboard,H,5,1
1465420281.2755,3.86238098144531E-05,True,2,K,5,1
1465420281.37765,0.1021611691,True,KeyReleased: 50,K,5,1
1465420281.59515,0.2175080776,True,Operations.ADD,K,5,1
1465420281.70319,0.1080317497,True,KeyReleased: 43,K,5,1
1465420282.18572,0.4825246334,False,switched to mouse,H,5,1
1465420282.92689,0.7411568165,False,Mouse Moved,P,5,1
1465420283.54277,0.6158838272,False,Mouse Moved,P,5,1
1465420284.08758,0.5448052883,True,switched to keyboard,H,5,1
1465420284.0876,1.26361846923828E-05,True,2,K,5,1
1465420284.17054,0.0829424858,True,KeyReleased: 50,K,5,1
1465420284.45439,0.2838494778,True,Operations.ADD,K,5,1
1465420284.56301,0.1086175442,True,KeyReleased: 43,K,5,1
1465420285.06835,0.5053515434,False,switched to mouse,H,5,1
1465420313.36099,1.16825103759766E-05,False,Mouse Moved,P,5,2
1465420313.95092,0.5899262428,False,Mouse Moved,P,5,2
1465420314.80919,0.8582684994,True,switched to keyboard,H,5,2
1465420314.80922,1.85966491699219E-05,True,2,K,5,2
1465420314.91549,0.1062867641,True,KeyReleased: 50,K,5,2
1465420315.1855,0.2700207233,True,Operations.ADD,K,5,2
1465420315.27742,0.0919127464,True,KeyReleased: 43,K,5,2
1465420315.7253,0.4478685856,False,switched to mouse,H,5,2
1465420316.84091,1.1156015396,False,Mouse Moved,P,5,2
1465420317.32078,0.4798672199,False,Mouse Moved,P,5,2
1465420317.92533,0.6045665741,True,switched to keyboard,H,5,2
1465420317.92545,0.00010252,True,2,K,5,2
1465420318.00411,0.0786716938,True,KeyReleased: 50,K,5,2
1465420318.26962,0.2655043602,True,Operations.ADD,K,5,2
1465420318.35745,0.087829113,True,KeyReleased: 43,K,5,2
1465420318.83039,0.472935915,False,switched to mouse,H,5,2
1465420319.34696,0.5165548325,False,Mouse Moved,P,5,2
1465420319.97662,0.629660368,False,Mouse Moved,P,5,2
1465420320.62374,0.6471197605,True,switched to keyboard,H,5,2
1465420320.62378,2.69412994384766E-05,True,2,K,5,2
1465420320.69901,0.075240612,True,KeyReleased: 50,K,5,2
1465420320.99443,0.2954349518,True,Operations.ADD,K,5,2
1465420321.08557,0.0911331177,True,KeyReleased: 43,K,5,2
1465420321.55213,0.466565609,False,switched to mouse,H,5,2
1465420322.22879,0.6766383648,False,Mouse Moved,P,5,2
1465420322.81869,0.5899002552,False,Mouse Moved,P,5,2
1465420323.43538,0.6166913509,True,switched to keyboard,H,5,2
1465420323.43542,2.83718109130859E-05,True,2,K,5,2
1465420323.52857,0.0931615829,True,KeyReleased: 50,K,5,2
1465420323.75672,0.2281498909,True,Operations.ADD,K,5,2
1465420323.85482,0.0980968475,True,KeyReleased: 43,K,5,2
1465420324.33621,0.4813904762,False,switched to mouse,H,5,2
1465420324.91898,0.5827507973,False,Mouse Moved,P,5,2
1465420325.54073,0.6217479706,False,Mouse Moved,P,5,2
1465420326.09359,0.5528776646,True,switched to keyboard,H,5,2
1465420326.09365,3.83853912353516E-05,True,2,K,5,2
1465420326.19108,0.0974440575,True,KeyReleased: 50,K,5,2
1465420326.41641,0.2253339291,True,Operations.ADD,K,5,2
1465420326.5215,0.1050794125,True,KeyReleased: 43,K,5,2
1465420327.04999,0.5284910202,False,switched to mouse,H,5,2
1465420327.49486,0.4448516369,False,Mouse Moved,P,5,2
1465420344.48683,1.28746032714844E-05,False,Mouse Moved,P,5,3
1465420345.2628,0.7759702206,False,Mouse Moved,P,5,3
1465420345.84261,0.5798232555,True,switched to keyboard,H,5,3
1465420345.84269,6.27040863037109E-05,True,2,K,5,3
1465420345.89482,0.0521249771,True,KeyReleased: 50,K,5,3
1465420346.14118,0.246368885,True,Operations.ADD,K,5,3
1465420346.21688,0.0756995678,True,KeyReleased: 43,K,5,3
1465420346.65219,0.4353032112,False,switched to mouse,H,5,3
1465420347.44885,0.7966456413,False,Mouse Moved,P,5,3
1465420347.9768,0.5279502869,False,Mouse Moved,P,5,3
1465420348.56808,0.5912926197,True,switched to keyboard,H,5,3
1465420348.56814,3.98159027099609E-05,True,2,K,5,3
1465420348.65422,0.0860948563,True,KeyReleased: 50,K,5,3
1465420348.84943,0.1952135563,True,Operations.ADD,K,5,3
1465420348.91885,0.0694117546,True,KeyReleased: 43,K,5,3
1465420349.4139,0.4950463772,False,switched to mouse,H,5,3
1465420350.05876,0.644844532,False,Mouse Moved,P,5,3
1465420350.68083,0.6220757961,False,Mouse Moved,P,5,3
1465420351.35271,0.6718797684,True,switched to keyboard,H,5,3
1465420351.35276,3.79085540771484E-05,True,2,K,5,3
1465420351.42229,0.069537878,True,KeyReleased: 50,K,5,3
1465420351.59431,0.1720216274,True,Operations.ADD,K,5,3
1465420351.66044,0.0661251545,True,KeyReleased: 43,K,5,3
1465420352.16589,0.505449295,False,switched to mouse,H,5,3
1465420352.80278,0.6368761063,False,Mouse Moved,P,5,3
1465420353.39295,0.5901687145,False,Mouse Moved,P,5,3
1465420354.12497,0.7320890427,True,switched to keyboard,H,5,3
1465420354.12509,4.14848327636719E-05,True,2,K,5,3
1465420354.19725,0.072183609,True,KeyReleased: 50,K,5,3
1465420354.3384,0.1411437988,True,Operations.ADD,K,5,3
1465420354.40443,0.0660254955,True,KeyReleased: 43,K,5,3
1465420354.84599,0.4415564537,False,switched to mouse,H,5,3
1465420355.59465,0.7486388683,False,Mouse Moved,P,5,3
1465420356.46465,0.8700065613,False,Mouse Moved,P,5,3
1465420357.17689,0.712241888,True,switched to keyboard,H,5,3
1465420357.17694,3.40938568115234E-05,True,2,K,5,3
1465420357.24522,0.0682973862,True,KeyReleased: 50,K,5,3
1465420357.37589,0.1306676865,True,Operations.ADD,K,5,3
1465420357.45028,0.0743942261,True,KeyReleased: 43,K,5,3
1465420357.70429,0.2539906502,True,Operations.EQUALS,K,5,3
1465420357.75859,0.054295063,True,KeyReleased: 16777221,K,5,3
1465420358.54061,0.7820351124,False,switched to mouse,H,5,3
1465420369.37677,1.28746032714844E-05,False,Mouse Moved,P,5,4
1465420370.19081,0.814040184,False,Mouse Moved,P,5,4
1465420371.05369,0.8628902435,True,switched to keyboard,H,5,4
1465420371.05374,3.88622283935547E-05,True,2,K,5,4
1465420371.10218,0.0484509468,True,KeyReleased: 50,K,5,4
1465420371.29679,0.1946103573,True,Operations.ADD,K,5,4
1465420371.37467,0.07787323,True,KeyReleased: 43,K,5,4
1465420371.84383,0.4691593647,False,switched to mouse,H,5,4
1465420372.56142,0.7175679207,False,Mouse Moved,P,5,4
1465420373.39662,0.8352077007,False,Mouse Moved,P,5,4
1465420374.06074,0.6641323566,True,switched to keyboard,H,5,4
1465420374.0608,3.76701354980469E-05,True,2,K,5,4
1465420374.13363,0.0728416443,True,KeyReleased: 50,K,5,4
1465420374.34309,0.2094621658,True,Operations.ADD,K,5,4
1465420374.41322,0.0701248646,True,KeyReleased: 43,K,5,4
1465420374.83169,0.4184687138,False,switched to mouse,H,5,4
1465420375.53248,0.7007722855,False,Mouse Moved,P,5,4
1465420376.25874,0.7262649536,False,Mouse Moved,P,5,4
1465420376.98568,0.7269442081,True,switched to keyboard,H,5,4
1465420376.98573,3.88622283935547E-05,True,2,K,5,4
1465420377.05754,0.0718173981,True,KeyReleased: 50,K,5,4
1465420377.28507,0.2275369167,True,Operations.ADD,K,5,4
1465420377.35172,0.0666422844,True,KeyReleased: 43,K,5,4
1465420377.78566,0.4339380264,False,switched to mouse,H,5,4
1465420378.37454,0.5888626575,False,Mouse Moved,P,5,4
1465420379.0767,0.7021589279,False,Mouse Moved,P,5,4
1465420379.76955,0.6928594112,True,switched to keyboard,H,5,4
1465420379.7696,3.62396240234375E-05,True,2,K,5,4
1465420379.84667,0.0770812035,True,KeyReleased: 50,K,5,4
1465420380.07121,0.2245430946,True,Operations.ADD,K,5,4
1465420380.1433,0.0720803738,True,KeyReleased: 43,K,5,4
1465420380.57824,0.4349470139,False,switched to mouse,H,5,4
1465420381.23874,0.6604802608,False,Mouse Moved,P,5,4
1465420381.94071,0.7019710541,False,Mouse Moved,P,5,4
1465420382.55449,0.6137816906,True,switched to keyboard,H,5,4
1465420382.55454,3.67164611816406E-05,True,2,K,5,4
1465420382.62484,0.0703148842,True,KeyReleased: 50,K,5,4
1465420382.79347,0.1686284542,True,Operations.ADD,K,5,4
1465420382.86911,0.0756402016,True,KeyReleased: 43,K,5,4
1465420383.08438,0.2152519226,True,Operations.EQUALS,K,5,4
1465420383.12903,0.0446498394,True,KeyReleased: 16777221,K,5,4
1465420384.17571,1.0466914177,False,switched to mouse,H,5,4
