pid,chords,event_type,value,start_time,time_passed,wpm
2,FALSE,key_pressed,16777248,1464638235.31087,0,0
2,FALSE,key_pressed,69,1464638235.56835,0,0
2,FALSE,key_pressed,73,1464638235.66965,0,33.4442888089
2,FALSE,key_pressed,78,1464638235.85439,0,44.1542092067
2,FALSE,key_pressed,16777219,1464638235.97311,0,54.3591930954
2,FALSE,key_pressed,0,1464638235.97389,0,36.1966160544
2,FALSE,word finished,EI,1464638235.56877,0.4054925442,72.3528801663
2,FALSE,key_pressed,16777248,1464638236.32698,0,47.2379186151
2,FALSE,key_pressed,83,1464638236.43846,0,42.5676673082
2,FALSE,key_pressed,77,1464638236.90282,0,37.6888597086
2,FALSE,key_pressed,65,1464638237.02974,0,41.8872485121
2,FALSE,key_pressed,82,1464638237.66989,0,35.6076757088
2,FALSE,key_pressed,84,1464638237.84571,0,37.8718265372
2,FALSE,key_pressed,80,1464638238.05394,0,39.3715731895
2,FALSE,key_pressed,72,1464638238.247,0,40.8697824829
2,FALSE,key_pressed,79,1464638238.36745,0,43.1851260142
2,FALSE,key_pressed,78,1464638238.56796,0,44.209307337
2,FALSE,key_pressed,69,1464638238.69567,0,46.0880256764
2,FALSE,key_pressed,0,1464638239.05652,0,44.8517222429
2,FALSE,word finished,Smartphone,1464638236.4388,2.6187689304,48.0419525285
2,FALSE,key_pressed,73,1464638239.13502,0,47.0689213705
2,FALSE,key_pressed,83,1464638239.23164,0,48.9696847637
2,FALSE,key_pressed,84,1464638239.32739,0,50.7899134384
2,FALSE,key_pressed,0,1464638239.47119,0,51.9188177976
2,FALSE,word finished,ist,1464638239.13518,0.3369700909,54.7905019308
2,FALSE,key_pressed,69,1464638239.53612,0,53.9610055952
2,FALSE,key_pressed,73,1464638239.60881,0,55.8403052844
2,FALSE,key_pressed,78,1464638239.76052,0,56.6333607061
2,FALSE,key_pressed,16777248,1464638239.92932,0,57.1617289032
2,FALSE,key_pressed,0,1464638239.93002,0,57.1530193263
2,FALSE,word finished,ein,1464638239.53634,0.3944547176,59.7408531507
2,FALSE,key_pressed,77,1464638239.99236,0,58.9552563511
2,FALSE,key_pressed,79,1464638240.15195,0,59.4905474579
2,FALSE,key_pressed,66,1464638240.27181,0,60.4720427905
2,FALSE,key_pressed,73,1464638240.3918,0,61.4058017381
2,FALSE,key_pressed,76,1464638240.59263,0,61.3428455394
2,FALSE,key_pressed,84,1464638241.32846,0,55.8360163319
2,FALSE,key_pressed,69,1464638241.49634,0,56.2606840709
2,FALSE,key_pressed,76,1464638241.55298,0,57.6725791315
2,FALSE,key_pressed,69,1464638241.6419,0,58.7574380859
2,FALSE,key_pressed,70,1464638241.76845,0,59.4647431246
2,FALSE,key_pressed,79,1464638241.92138,0,59.9043159349
2,FALSE,key_pressed,78,1464638241.99329,0,61.0554615987
2,FALSE,key_pressed,44,1464638242.22533,0,60.7420113276
2,FALSE,word finished,Mobiltelefon,1464638239.99258,2.2337348461,62.4685928116
2,FALSE,key_pressed,0,1464638242.62446,0,59.0678830711
2,FALSE,key_pressed,68,1464638242.65737,0,60.4367257083
2,FALSE,key_pressed,65,1464638242.80158,0,60.8751949135
2,FALSE,key_pressed,83,1464638242.87378,0,61.880709857
2,FALSE,key_pressed,0,1464638243.06504,0,61.9019619039
2,FALSE,word finished,das,1464638242.65755,0.4081206322,63.4443551828
2,FALSE,key_pressed,69,1464638243.09728,0,63.1868374767
2,FALSE,key_pressed,82,1464638243.2902,0,63.1629860396
2,FALSE,key_pressed,72,1464638243.4902,0,63.0856504848
2,FALSE,key_pressed,69,1464638243.98595,0,60.8638276771
2,FALSE,key_pressed,66,1464638244.1543,0,61.06208394
2,FALSE,key_pressed,76,1464638244.2669,0,61.6342508013
2,FALSE,key_pressed,73,1464638244.39439,0,62.0902671179
2,FALSE,key_pressed,67,1464638244.57982,0,62.1427438844
2,FALSE,key_pressed,72,1464638244.58171,0,63.4245076029
2,FALSE,key_pressed,0,1464638244.71499,0,63.8016517863
2,FALSE,word finished,erheblich,1464638243.09743,1.6187682152,65.0692764604
2,FALSE,key_pressed,85,1464638244.78716,0,64.5820820209
2,FALSE,key_pressed,77,1464638244.99373,0,64.4436371046
2,FALSE,key_pressed,70,1464638245.09879,0,64.9778915694
2,FALSE,key_pressed,65,1464638245.20255,0,65.5094199699
2,FALSE,key_pressed,78,1464638245.33115,0,65.8662261881
2,FALSE,key_pressed,71,1464638245.4361,0,66.3686528347
2,FALSE,key_pressed,82,1464638245.61988,0,66.3495765187
2,FALSE,key_pressed,69,1464638245.85819,0,65.9881679811
2,FALSE,key_pressed,73,1464638245.98718,0,66.3149059782
2,FALSE,key_pressed,67,1464638246.08311,0,66.8383306581
2,FALSE,key_pressed,72,1464638246.17861,0,67.355151239
2,FALSE,key_pressed,69,1464638246.29146,0,67.7557625068
2,FALSE,key_pressed,82,1464638246.3872,0,68.2535078279
2,FALSE,key_pressed,69,1464638246.49129,0,68.6913773832
2,FALSE,key_pressed,0,1464638246.69945,0,68.4895013593
2,FALSE,word finished,umfangreichere,1464638244.7875,1.9132716656,69.5349045092
2,FALSE,key_pressed,16777248,1464638246.73205,0,69.3446590884
2,FALSE,key_pressed,70,1464638246.8197,0,68.8165473168
2,FALSE,key_pressed,85,1464638246.99594,0,68.8055752541
2,FALSE,key_pressed,78,1464638247.21913,0,68.5237449734
2,FALSE,key_pressed,75,1464638247.3961,0,68.5132316738
2,FALSE,key_pressed,84,1464638247.51539,0,68.8268355662
2,FALSE,key_pressed,73,1464638247.60339,0,69.3102754938
2,FALSE,key_pressed,79,1464638247.70898,0,69.6878781569
2,FALSE,key_pressed,78,1464638247.89261,0,69.624549674
2,FALSE,key_pressed,76,1464638248.08449,0,69.5181358725
2,FALSE,key_pressed,16777219,1464638248.94828,0,65.994809435
2,FALSE,key_pressed,65,1464638249.1482,0,64.174115777
2,FALSE,key_pressed,76,1464638249.37329,0,64.0002560774
2,FALSE,key_pressed,73,1464638249.5806,0,63.9114076694
2,FALSE,key_pressed,84,1464638249.87726,0,63.4335950942
2,FALSE,key_pressed,196,1464638250.00524,0,63.6977586497
2,FALSE,key_pressed,84,1464638250.17254,0,63.7881518607
2,FALSE,key_pressed,69,1464638250.40601,0,63.59650834
2,FALSE,key_pressed,78,1464638250.51677,0,63.9224453191
2,FALSE,key_pressed,0,1464638250.71721,0,63.8696992223
2,FALSE,word finished,Funktionalitäten,1464638246.82,3.8985581398,64.6429268929
2,FALSE,key_pressed,65,1464638250.8296,0,64.1803856873
2,FALSE,key_pressed,76,1464638250.97394,0,64.3550746048
2,FALSE,key_pressed,83,1464638251.0291,0,64.8927161587
2,FALSE,key_pressed,0,1464638251.31744,0,64.4734243175
2,FALSE,word finished,als,1464638250.82995,0.4888963699,65.2173713261
2,FALSE,key_pressed,69,1464638251.39805,0,64.8962884497
2,FALSE,key_pressed,73,1464638251.48517,0,65.2886625807
2,FALSE,key_pressed,78,1464638251.64611,0,65.3800050984
2,FALSE,key_pressed,0,1464638251.79774,0,65.506557115
2,FALSE,word finished,ein,1464638251.39828,0.4006099701,66.2298038197
2,FALSE,key_pressed,72,1464638251.89432,0,65.8486709493
2,FALSE,key_pressed,69,1464638252.00611,0,66.1265190996
2,FALSE,key_pressed,82,1464638252.08652,0,66.5248946453
2,FALSE,key_pressed,75,1464638252.20537,0,66.767183648
2,FALSE,key_pressed,214,1464638252.9821,0,64.511526716
2,FALSE,key_pressed,77,1464638253.44655,0,63.5210913058
2,FALSE,key_pressed,77,1464638253.60628,0,63.6224192653
2,FALSE,key_pressed,76,1464638253.72724,0,63.8561465739
2,FALSE,key_pressed,73,1464638253.89543,0,63.923920316
2,FALSE,key_pressed,67,1464638253.96727,0,64.3210022308
2,FALSE,key_pressed,72,1464638254.0632,0,64.6318761432
2,FALSE,key_pressed,69,1464638254.22924,0,64.698940118
2,FALSE,key_pressed,83,1464638254.24647,0,65.2737875774
2,FALSE,key_pressed,0,1464638254.39899,0,65.3808914641
2,FALSE,word finished,herkömmliches,1464638251.89486,2.5052323341,66.0057334362
2,FALSE,key_pressed,16777248,1464638254.44865,0,65.8382591697
2,FALSE,key_pressed,77,1464638254.52666,0,65.5709980323
2,FALSE,key_pressed,79,1464638254.7197,0,65.5371004965
2,FALSE,key_pressed,66,1464638254.8077,0,65.8564523553
2,FALSE,key_pressed,73,1464638254.92781,0,66.0652524138
2,FALSE,key_pressed,76,1464638255.12714,0,66.006285321
2,FALSE,key_pressed,84,1464638255.55905,0,65.1909540342
2,FALSE,key_pressed,69,1464638255.70341,0,65.3179318306
2,FALSE,key_pressed,76,1464638255.8564,0,65.4155885005
2,FALSE,key_pressed,70,1464638256.02416,0,65.4651427937
2,FALSE,key_pressed,16777219,1464638256.85634,0,63.4935515702
2,FALSE,key_pressed,69,1464638257.05587,0,62.3591025028
2,FALSE,key_pressed,70,1464638257.47995,0,61.7075057058
2,FALSE,key_pressed,79,1464638257.59351,0,61.9315461484
2,FALSE,key_pressed,78,1464638257.80043,0,61.8953247517
2,FALSE,key_pressed,0,1464638257.97616,0,61.9448706273
2,FALSE,word finished,Mobiltelefon,1464638254.52683,3.4502429962,62.4717859231
2,FALSE,key_pressed,90,1464638258.12062,0,62.0786473395
2,FALSE,key_pressed,85,1464638258.32868,0,62.0388509899
2,FALSE,key_pressed,82,1464638258.50454,0,62.0858516337
2,FALSE,key_pressed,0,1464638258.71318,0,62.0450846682
2,FALSE,word finished,zur,1464638258.12085,0.5939590931,62.5535045048
2,FALSE,key_pressed,16777248,1464638258.9787,0,61.8560514878
2,FALSE,key_pressed,86,1464638259.08116,0,61.5894324401
2,FALSE,key_pressed,69,1464638259.28127,0,61.5758772745
2,FALSE,key_pressed,82,1464638259.34541,0,61.9108355711
2,FALSE,key_pressed,70,1464638259.5049,0,61.9986978754
2,FALSE,key_pressed,220,1464638259.67338,0,62.06249611
2,FALSE,key_pressed,71,1464638259.79403,0,62.2467813089
2,FALSE,key_pressed,85,1464638259.91515,0,62.4281048439
2,FALSE,key_pressed,78,1464638260.11473,0,62.4095776197
2,FALSE,key_pressed,71,1464638260.19562,0,62.6889370904
2,FALSE,key_pressed,0,1464638260.39418,0,62.6710864173
2,FALSE,word finished,Verfügung,1464638259.08142,1.3143265247,63.1455381265
2,FALSE,key_pressed,83,1464638260.47444,0,62.9480738884
2,FALSE,key_pressed,84,1464638260.67463,0,62.9243463918
2,FALSE,key_pressed,69,1464638260.69769,0,63.3398891281
2,FALSE,key_pressed,76,1464638260.81889,0,63.5093580691
2,FALSE,key_pressed,76,1464638260.97007,0,63.6028474501
2,FALSE,key_pressed,84,1464638261.13905,0,63.651327014
2,FALSE,key_pressed,46,1464638261.19508,0,63.9771479902
2,FALSE,word finished,stellt,1464638260.47466,0.7214679718,64.4381425112
2,FALSE,key_pressed,16777220,1464638261.40168,0,63.9305065862
2,FALSE,sentence_finished,"EIn Smartphone ist ein Mobiltelefon, das erheblich umfangreichere Funktionalitäten als ein herkömmliches Mobiltelefon zur Verfügung stellt.",1464638235.56877,25.8333308697,64.3893933046
2,FALSE,key_pressed,16777248,1464638262.21151,0,62.451978751
2,FALSE,key_pressed,69,1464638262.31436,0,62.2141250505
2,FALSE,key_pressed,82,1464638262.4585,0,62.3258257195
2,FALSE,key_pressed,83,1464638262.5957,0,62.4522287891
2,FALSE,key_pressed,84,1464638262.6919,0,62.6710642892
2,FALSE,key_pressed,69,1464638262.86876,0,62.7042010133
2,FALSE,key_pressed,0,1464638262.98751,0,62.8688343045
2,FALSE,word finished,Erste,1464638262.31483,0.6738526821,63.299724189
2,FALSE,key_pressed,83,1464638263.04294,0,63.1758934658
2,FALSE,key_pressed,77,1464638263.21209,0,63.2229638757
2,FALSE,key_pressed,65,1464638263.38807,0,63.2541031105
2,FALSE,key_pressed,82,1464638263.54082,0,63.3369205544
2,FALSE,key_pressed,84,1464638264.18833,0,62.3322958443
2,FALSE,key_pressed,80,1464638264.38836,0,62.316183805
2,FALSE,key_pressed,72,1464638264.52394,0,62.4377486894
2,FALSE,key_pressed,79,1464638264.61283,0,62.6578715861
2,FALSE,key_pressed,78,1464638264.79671,0,62.6741005372
2,FALSE,key_pressed,69,1464638264.97312,0,62.7059096256
2,FALSE,key_pressed,83,1464638264.97473,0,63.107045591
2,FALSE,key_pressed,0,1464638265.16438,0,63.1081054245
2,FALSE,word finished,smartphones,1464638263.04308,2.1225190163,63.5074604252
2,FALSE,key_pressed,86,1464638265.26942,0,63.2873898187
2,FALSE,key_pressed,69,1464638265.44502,0,63.3168129071
2,FALSE,key_pressed,82,1464638265.51606,0,63.5651854283
2,FALSE,key_pressed,69,1464638265.67066,0,63.6367456595
2,FALSE,key_pressed,73,1464638265.80585,0,63.7481447097
2,FALSE,key_pressed,78,1464638266.54905,0,62.6156313434
2,FALSE,key_pressed,73,1464638266.72496,0,62.6470047655
2,FALSE,key_pressed,71,1464638266.86162,0,62.7559794433
2,FALSE,key_pressed,72,1464638267.10183,0,62.6592701853
2,FALSE,key_pressed,84,1464638267.22222,0,62.7989169226
2,FALSE,key_pressed,69,1464638267.28583,0,63.0492734044
2,FALSE,key_pressed,78,1464638267.39921,0,63.2004687299
2,FALSE,key_pressed,0,1464638267.58988,0,63.1989081522
2,FALSE,word finished,vereinighten,1464638265.26969,2.3211708069,63.5687300951
2,FALSE,key_pressed,68,1464638267.69411,0,63.3660509877
2,FALSE,key_pressed,73,1464638267.79819,0,63.532429965
2,FALSE,key_pressed,69,1464638267.89502,0,63.7119029569
2,FALSE,key_pressed,0,1464638268.07038,0,63.737175708
2,FALSE,word finished,die,1464638267.69445,0.3765513897,64.1022594842
2,FALSE,key_pressed,16777248,1464638268.07325,0,64.0978521346
2,FALSE,key_pressed,70,1464638268.15061,0,63.9468652074
2,FALSE,key_pressed,85,1464638268.23213,0,64.1530255003
2,FALSE,key_pressed,78,1464638268.42254,0,64.1465155762
2,FALSE,key_pressed,75,1464638268.50966,0,64.3396479601
2,FALSE,key_pressed,84,1464638268.61462,0,64.49719644
2,FALSE,key_pressed,73,1464638268.68836,0,64.7142165222
2,FALSE,key_pressed,79,1464638268.81463,0,64.8284867584
2,FALSE,key_pressed,78,1464638268.96684,0,64.8918416004
2,FALSE,key_pressed,69,1464638269.09386,0,65.0030796443
2,FALSE,key_pressed,78,1464638269.17405,0,65.203512932
2,FALSE,key_pressed,0,1464638269.35042,0,65.2181976169
2,FALSE,word finished,Funktionen,1464638268.15095,1.2006840706,65.5683871516
2,FALSE,key_pressed,69,1464638269.43089,0,65.4160828792
2,FALSE,key_pressed,73,1464638269.51811,0,65.6001091976
2,FALSE,key_pressed,78,1464638269.67906,0,65.6420509382
2,FALSE,key_pressed,69,1464638269.71125,0,65.9294592293
2,FALSE,key_pressed,83,1464638269.87044,0,65.9729960473
2,FALSE,key_pressed,0,1464638270.04634,0,65.9843787157
2,FALSE,word finished,eines,1464638269.43116,0.6158587933,66.3285500638
2,FALSE,key_pressed,16777248,1464638270.08786,0,66.2506421399
2,FALSE,key_pressed,80,1464638270.18368,0,66.068614581
2,FALSE,key_pressed,69,1464638270.35116,0,66.095297746
2,FALSE,key_pressed,82,1464638270.4308,0,66.2871016617
2,FALSE,key_pressed,83,1464638270.58371,0,66.3397470549
2,FALSE,key_pressed,79,1464638270.72773,0,66.4089958561
2,FALSE,key_pressed,78,1464638270.89593,0,66.4323141652
2,FALSE,key_pressed,65,1464638271.07932,0,66.4272098908
2,FALSE,key_pressed,76,1464638271.19193,0,66.5531609362
2,FALSE,key_pressed,0,1464638271.37541,0,66.5473155688
2,FALSE,word finished,Personal,1464638270.18398,1.1927461624,66.8776032443
2,FALSE,key_pressed,16777248,1464638271.40847,0,66.8187924302
2,FALSE,key_pressed,68,1464638271.51936,0,66.6141666508
2,FALSE,key_pressed,73,1464638271.66419,0,66.6788636715
2,FALSE,key_pressed,71,1464638271.73714,0,66.8747606098
2,FALSE,key_pressed,73,1464638271.88844,0,66.9262092522
2,FALSE,key_pressed,84,1464638271.98513,0,67.0769724443
2,FALSE,key_pressed,65,1464638272.10507,0,67.1844506381
2,FALSE,key_pressed,76,1464638272.23261,0,67.2773915909
2,FALSE,key_pressed,0,1464638272.41714,0,67.2662117427
2,FALSE,word finished,Digital,1464638271.51956,0.8986201286,67.5877105327
2,FALSE,key_pressed,16777248,1464638272.44112,0,67.5459520242
2,FALSE,key_pressed,65,1464638272.56224,0,67.326255432
2,FALSE,key_pressed,83,1464638272.56416,0,67.6449924406
2,FALSE,key_pressed,16777219,1464638273.43248,0,66.4189683916
2,FALSE,key_pressed,83,1464638274.02436,0,65.0935463149
2,FALSE,key_pressed,83,1464638274.20104,0,65.1063753841
2,FALSE,key_pressed,73,1464638274.52908,0,64.867775773
2,FALSE,key_pressed,83,1464638275.02545,0,64.3591977503
2,FALSE,key_pressed,84,1464638275.20159,0,64.3758292802
2,FALSE,key_pressed,69,1464638275.29004,0,64.5335553243
2,FALSE,key_pressed,78,1464638275.42514,0,64.6153700328
2,FALSE,key_pressed,16777219,1464638275.89781,0,64.1585329742
2,FALSE,key_pressed,16777219,1464638276.08182,0,63.574637656
2,FALSE,key_pressed,65,1464638276.24278,0,63.0314694503
2,FALSE,key_pressed,78,1464638276.35433,0,63.152527348
2,FALSE,key_pressed,84,1464638276.48182,0,63.2484370591
2,FALSE,key_pressed,0,1464638276.69082,0,63.2189767729
2,FALSE,word finished,Assistant,1464638272.56271,4.129317522,63.5071260717
2,FALSE,key_pressed,77,1464638276.83489,0,63.2886228538
2,FALSE,key_pressed,73,1464638277.05023,0,63.2496064622
2,FALSE,key_pressed,84,1464638277.15521,0,63.3777058489
2,FALSE,key_pressed,0,1464638277.29852,0,63.447181224
2,FALSE,word finished,mit,1464638276.83518,0.4647324085,63.7308637704
2,FALSE,key_pressed,68,1464638277.33105,0,63.6836518278
2,FALSE,key_pressed,69,1464638277.49066,0,63.7271688859
2,FALSE,key_pressed,82,1464638277.56425,0,63.9001736738
2,FALSE,key_pressed,0,1464638277.74608,0,63.9091593715
2,FALSE,word finished,der,1464638277.33127,0.4155554771,64.19080505
2,FALSE,key_pressed,16777248,1464638277.78668,0,64.1305864526
2,FALSE,key_pressed,16777248,1464638278.26627,0,63.4145758994
2,FALSE,key_pressed,70,1464638278.34761,0,63.2947113124
2,FALSE,key_pressed,85,1464638278.48403,0,63.3726599037
2,FALSE,key_pressed,78,1464638278.66063,0,63.3913212133
2,FALSE,key_pressed,75,1464638278.75583,0,63.5286102838
2,FALSE,key_pressed,84,1464638278.85997,0,63.6522482243
2,FALSE,key_pressed,73,1464638278.93189,0,63.8224065676
2,FALSE,key_pressed,79,1464638279.05113,0,63.9227723244
2,FALSE,key_pressed,78,1464638279.1791,0,64.009834953
2,FALSE,key_pressed,65,1464638279.36442,0,64.0129642418
2,FALSE,key_pressed,76,1464638279.59481,0,63.9509126536
2,FALSE,key_pressed,73,1464638279.8447,0,63.8615199043
2,FALSE,key_pressed,84,1464638280.1079,0,63.7541892791
2,FALSE,key_pressed,196,1464638280.2205,0,63.8615364038
2,FALSE,key_pressed,84,1464638280.341,0,63.9571322074
2,FALSE,key_pressed,0,1464638280.51539,0,63.9758726074
2,FALSE,word finished,Funktionalität,1464638278.34794,2.16801548,64.2405272881
2,FALSE,key_pressed,69,1464638280.54754,0,64.1956657494
2,FALSE,key_pressed,73,1464638280.62794,0,64.3465731248
2,FALSE,key_pressed,78,1464638280.78156,0,64.3930856142
2,FALSE,key_pressed,69,1464638280.82104,0,64.6009093898
2,FALSE,key_pressed,83,1464638280.94088,0,64.6942231276
2,FALSE,key_pressed,0,1464638281.11572,0,64.709145006
2,FALSE,word finished,eines,1464638280.54767,0.5688147545,64.9701679766
2,FALSE,key_pressed,16777248,1464638281.15653,0,64.9134128076
2,FALSE,key_pressed,77,1464638281.2691,0,64.7544160612
2,FALSE,key_pressed,79,1464638281.47677,0,64.723056051
2,FALSE,key_pressed,66,1464638281.64538,0,64.7465200522
2,FALSE,key_pressed,73,1464638281.7574,0,64.8487265566
2,FALSE,key_pressed,76,1464638281.96411,0,64.8186194867
2,FALSE,key_pressed,84,1464638282.16402,0,64.7981790347
2,FALSE,key_pressed,69,1464638282.37341,0,64.7648529648
2,FALSE,key_pressed,76,1464638282.52496,0,64.8111267307
2,FALSE,key_pressed,69,1464638282.62962,0,64.9213783928
2,FALSE,key_pressed,70,1464638282.7897,0,64.9552273534
2,FALSE,key_pressed,79,1464638282.92684,0,65.0201685387
2,FALSE,key_pressed,78,1464638283.57297,0,64.3983250711
2,FALSE,key_pressed,83,1464638283.72592,0,64.4427329724
2,FALSE,key_pressed,46,1464638284.24495,0,64.0044434808
2,FALSE,word finished,Mobiltelefons,1464638281.26945,2.9759297371,64.2491002543
2,FALSE,key_pressed,16777220,1464638284.9652,0,63.3177098399
2,FALSE,sentence_finished,Erste smartphones vereinighten die Funktionen eines Personal Digital Assistant mit der Funktionalität eines Mobiltelefons.,1464638262.31484,22.6506803036,63.558977342
2,FALSE,key_pressed,16777248,1464638285.83043,0,62.4708185525
2,FALSE,key_pressed,83,1464638286.11838,0,62.116764341
2,FALSE,key_pressed,80,1464638286.31051,0,62.1180570953
2,FALSE,key_pressed,196,1464638286.56689,0,62.0414581681
2,FALSE,key_pressed,84,1464638286.75125,0,62.052379799
2,FALSE,key_pressed,69,1464638286.87182,0,62.1400204282
2,FALSE,key_pressed,82,1464638286.94405,0,62.2854999816
2,FALSE,key_pressed,0,1464638287.15315,0,62.2657474396
2,FALSE,word finished,Später,1464638286.11849,1.0356571674,62.4960126301
2,FALSE,key_pressed,87,1464638287.15671,0,62.4929237155
2,FALSE,key_pressed,85,1464638287.33602,0,62.5081956043
2,FALSE,key_pressed,82,1464638287.55081,0,62.480902909
2,FALSE,key_pressed,68,1464638287.72035,0,62.507739653
2,FALSE,key_pressed,69,1464638287.88117,0,62.5447839382
2,FALSE,key_pressed,0,1464638288.03204,0,62.5934190577
2,FALSE,word finished,wurde,1464638287.15694,0.8760914803,62.819843722
2,FALSE,key_pressed,68,1464638288.07255,0,62.7727992323
2,FALSE,key_pressed,69,1464638288.24064,0,62.8001628153
2,FALSE,key_pressed,77,1464638288.33653,0,62.9128983527
2,FALSE,key_pressed,16777219,1464638288.45599,0,62.9972820359
2,FALSE,key_pressed,0,1464638288.45739,0,62.7698320724
2,FALSE,word finished,de,1464638288.07277,0.3852934837,63.2206132466
2,FALSE,key_pressed,16777248,1464638288.56958,0,63.0882368464
2,FALSE,key_pressed,83,1464638288.73677,0,62.8908077703
2,FALSE,key_pressed,77,1464638288.95276,0,62.8612920458
2,FALSE,key_pressed,65,1464638289.08142,0,62.934043889
2,FALSE,key_pressed,82,1464638289.20109,0,63.0169692553
2,FALSE,key_pressed,84,1464638289.4013,0,63.005565605
2,FALSE,key_pressed,80,1464638289.57622,0,63.0236126871
2,FALSE,key_pressed,72,1464638289.92015,0,62.84643891
2,FALSE,key_pressed,79,1464638290.06504,0,62.8992833639
2,FALSE,key_pressed,78,1464638290.24935,0,62.9066972089
2,FALSE,key_pressed,69,1464638290.34541,0,63.014944278
2,FALSE,key_pressed,0,1464638290.50416,0,63.051117578
2,FALSE,word finished,Smartphone,1464638288.73713,1.7674300671,63.2680736226
2,FALSE,key_pressed,68,1464638290.52042,0,63.2498991194
2,FALSE,key_pressed,73,1464638290.63354,0,63.3374707452
2,FALSE,key_pressed,69,1464638290.70639,0,63.4708041554
2,FALSE,key_pressed,0,1464638290.90525,0,63.4596214882
2,FALSE,word finished,die,1464638290.52052,0.3858034611,63.6742340835
2,FALSE,key_pressed,16777248,1464638290.91396,0,63.6654890479
2,FALSE,key_pressed,70,1464638291.00966,0,63.5561036588
2,FALSE,key_pressed,85,1464638291.14591,0,63.6159326422
2,FALSE,key_pressed,78,1464638291.36227,0,63.5844678629
2,FALSE,key_pressed,75,1464638291.44193,0,63.708007694
2,FALSE,key_pressed,84,1464638291.65017,0,63.6855370584
2,FALSE,key_pressed,73,1464638291.65161,0,63.89690327
2,FALSE,key_pressed,79,1464638291.78555,0,63.9578325685
2,FALSE,key_pressed,78,1464638291.98716,0,63.9420510646
2,FALSE,key_pressed,0,1464638292.33056,0,63.7674181762
2,FALSE,word finished,Funktion,1464638291.00995,1.3219807148,63.9763292589
2,FALSE,key_pressed,69,1464638292.41047,0,63.8883265918
2,FALSE,key_pressed,73,1464638292.50607,0,63.9913519201
2,FALSE,key_pressed,78,1464638292.67373,0,64.0135188843
2,FALSE,key_pressed,69,1464638292.74678,0,64.1410230663
2,FALSE,key_pressed,83,1464638292.91581,0,64.1611318932
2,FALSE,key_pressed,69,1464638292.91754,0,64.3675142018
2,FALSE,key_pressed,0,1464638293.09858,0,64.3735121954
2,FALSE,word finished,einese,1464638292.41071,0.6889884472,64.5799284011
2,FALSE,key_pressed,84,1464638293.24309,0,64.4200835027
2,FALSE,key_pressed,82,1464638293.41103,0,64.4404134662
2,FALSE,key_pressed,65,1464638293.52208,0,64.5236317233
2,FALSE,key_pressed,78,1464638293.63601,0,64.6033309333
2,FALSE,key_pressed,83,1464638293.81112,0,64.6150720299
2,FALSE,key_pressed,80,1464638293.89799,0,64.7241030574
2,FALSE,key_pressed,79,1464638294.15575,0,64.6444998363
2,FALSE,key_pressed,82,1464638294.30751,0,64.6816212112
2,FALSE,key_pressed,84,1464638294.47689,0,64.6992646228
2,FALSE,key_pressed,65,1464638294.57836,0,64.7909734055
2,FALSE,key_pressed,66,1464638294.73974,0,64.8169508858
2,FALSE,key_pressed,76,1464638294.88443,0,64.8609544029
2,FALSE,key_pressed,69,1464638294.98048,0,64.9576593842
2,FALSE,key_pressed,78,1464638295.09913,0,65.02946445
2,FALSE,key_pressed,0,1464638295.27543,0,65.0383808213
2,FALSE,word finished,transportablen,1464638293.24344,2.0332033634,65.2371848851
2,FALSE,key_pressed,16777248,1464638295.40421,0,65.0987002714
2,FALSE,key_pressed,77,1464638295.51495,0,64.9789643709
2,FALSE,key_pressed,69,1464638295.6527,0,65.0294859307
2,FALSE,key_pressed,68,1464638295.82832,0,65.0390575941
2,FALSE,key_pressed,73,1464638295.92435,0,65.1340003184
2,FALSE,key_pressed,69,1464638296.03647,0,65.2113463517
2,FALSE,key_pressed,78,1464638296.18766,0,65.2465119796
2,FALSE,key_pressed,65,1464638296.54759,0,65.0589819391
2,FALSE,key_pressed,66,1464638296.70884,0,65.0835605374
2,FALSE,key_pressed,83,1464638296.8932,0,65.0835796578
2,FALSE,key_pressed,80,1464638297.00496,0,65.1601824176
2,FALSE,key_pressed,73,1464638297.19703,0,65.1518538153
2,FALSE,key_pressed,69,1464638297.26135,0,65.2779162059
2,FALSE,key_pressed,76,1464638297.40528,0,65.3198577121
2,FALSE,key_pressed,71,1464638297.60402,0,65.3041091098
2,FALSE,key_pressed,69,1464638297.75605,0,65.3372862722
2,FALSE,key_pressed,82,1464638297.8297,0,65.4522512693
2,FALSE,key_pressed,196,1464638297.97224,0,65.4948739489
2,FALSE,key_pressed,84,1464638298.11685,0,65.535137473
2,FALSE,key_pressed,69,1464638298.26092,0,65.5757740779
2,FALSE,key_pressed,83,1464638298.45359,0,65.565727287
2,FALSE,key_pressed,0,1464638298.63707,0,65.5652545174
2,FALSE,word finished,Medienabspielgerätes,1464638295.51517,3.1229298115,65.7536721014
2,FALSE,key_pressed,85,1464638298.79785,0,65.5882240229
2,FALSE,key_pressed,78,1464638299.00599,0,65.5622981195
2,FALSE,key_pressed,68,1464638299.12517,0,65.6278942817
2,FALSE,key_pressed,0,1464638299.26955,0,65.667365023
2,FALSE,word finished,und,1464638298.79825,0.4724330902,65.8538210038
2,FALSE,key_pressed,69,1464638299.3579,0,65.764147442
2,FALSE,key_pressed,73,1464638299.46221,0,65.8442726177
2,FALSE,key_pressed,78,1464638299.62086,0,65.8684363246
2,FALSE,key_pressed,69,1464638299.7042,0,65.9695419334
2,FALSE,key_pressed,82,1464638299.90234,0,65.9529540725
2,FALSE,key_pressed,0,1464638300.10125,0,65.9356854134
2,FALSE,word finished,einer,1464638299.35819,0.7436587811,66.1202953282
2,FALSE,key_pressed,16777248,1464638300.13391,0,66.0875858175
2,FALSE,key_pressed,68,1464638300.25448,0,65.9648899157
2,FALSE,key_pressed,73,1464638300.39844,0,66.0033622548
2,FALSE,key_pressed,71,1464638300.48285,0,66.1020031974
2,FALSE,key_pressed,73,1464638300.62174,0,66.1451690638
2,FALSE,key_pressed,84,1464638300.73014,0,66.2189876853
2,FALSE,key_pressed,65,1464638300.83897,0,66.2921401936
2,FALSE,key_pressed,76,1464638300.97408,0,66.3384948572
2,FALSE,key_pressed,75,1464638301.19814,0,66.2950296162
2,FALSE,key_pressed,65,1464638301.31837,0,66.3560669643
2,FALSE,key_pressed,77,1464638301.44635,0,66.4091098786
2,FALSE,key_pressed,69,1464638301.55969,0,66.4766279168
2,FALSE,key_pressed,82,1464638301.62335,0,66.5937679607
2,FALSE,key_pressed,65,1464638301.79966,0,66.5976644188
2,FALSE,key_pressed,0,1464638302.03082,0,66.5467834878
2,FALSE,word finished,Digitalkamera,1464638300.25483,1.777264595,66.7253659245
2,FALSE,key_pressed,72,1464638302.15056,0,66.6071095914
2,FALSE,key_pressed,73,1464638302.28849,0,66.6490963172
2,FALSE,key_pressed,78,1464638302.43959,0,66.6778419834
2,FALSE,key_pressed,90,1464638302.63938,0,66.6581182399
2,FALSE,key_pressed,85,1464638302.84768,0,66.6302985437
2,FALSE,key_pressed,71,1464638303.05673,0,66.6018266554
2,FALSE,key_pressed,69,1464638303.20863,0,66.6295607495
2,FALSE,key_pressed,70,1464638303.28923,0,66.7270850418
2,FALSE,key_pressed,220,1464638303.42407,0,66.7711733421
2,FALSE,key_pressed,71,1464638303.56076,0,66.8132633683
2,FALSE,key_pressed,84,1464638303.71967,0,66.8334833852
2,FALSE,key_pressed,46,1464638304.0646,0,66.6727192293
2,FALSE,word finished,hinzugefügt,1464638302.15077,1.9150500298,66.8460690062
2,FALSE,key_pressed,16777220,1464638304.30325,0,66.6160299141
2,FALSE,sentence_finished,Später wurde dem Smartphone die Funktion einese transportablen Medienabspielgerätes und einer Digitalkamera hinzugefügt.,1464638286.11849,18.1852631569,66.7894730294
2,FALSE,key_pressed,16777248,1464638304.9693,0,66.1513374023
2,FALSE,key_pressed,69,1464638305.19256,0,65.9399965106
2,FALSE,key_pressed,73,1464638305.35317,0,65.9601113807
2,FALSE,key_pressed,78,1464638305.52061,0,65.9737318205
2,FALSE,key_pressed,16777219,1464638305.63183,0,66.0400354345
2,FALSE,key_pressed,0,1464638305.63266,0,65.8686126303
2,FALSE,word finished,Ei,1464638305.1927,0.4403011799,66.209573043
2,FALSE,key_pressed,90,1464638305.77628,0,66.0749466226
2,FALSE,key_pressed,69,1464638305.91228,0,66.1176352116
2,FALSE,key_pressed,78,1464638306.01629,0,66.1900918936
2,FALSE,key_pressed,84,1464638306.11252,0,66.2696160905
2,FALSE,key_pressed,82,1464638306.2573,0,66.3035213581
2,FALSE,key_pressed,65,1464638306.33844,0,66.3967232696
2,FALSE,key_pressed,76,1464638306.48896,0,66.4249155301
2,FALSE,key_pressed,69,1464638306.68936,0,66.4065403595
2,FALSE,key_pressed,83,1464638306.69027,0,66.5738047275
2,FALSE,key_pressed,0,1464638306.85761,0,66.5858148138
2,FALSE,word finished,zentrales,1464638305.77645,1.0822639465,66.7525124768
2,FALSE,key_pressed,16777248,1464638306.89807,0,66.7158077627
2,FALSE,key_pressed,77,1464638307.01018,0,66.6114932742
2,FALSE,key_pressed,69,1464638307.13729,0,66.660687657
2,FALSE,key_pressed,82,1464638307.21709,0,66.7535931443
2,FALSE,key_pressed,75,1464638307.36923,0,66.7791862043
2,FALSE,key_pressed,77,1464638307.6252,0,66.708751106
2,FALSE,key_pressed,65,1464638307.79295,0,66.7199148207
2,FALSE,key_pressed,76,1464638307.90512,0,66.7821314302
2,FALSE,key_pressed,0,1464638308.08284,0,66.7839315357
2,FALSE,word finished,Merkmal,1464638307.01047,1.0735008717,66.9477900356
2,FALSE,key_pressed,77,1464638308.16964,0,66.8690699778
2,FALSE,key_pressed,79,1464638308.34663,0,66.8713243498
2,FALSE,key_pressed,68,1464638308.59385,0,66.8094821953
2,FALSE,key_pressed,69,1464638309.01053,0,66.5945868418
2,FALSE,key_pressed,82,1464638309.07479,0,66.6992535806
2,FALSE,key_pressed,78,1464638309.21817,0,66.7322212814
2,FALSE,key_pressed,69,1464638309.3472,0,66.7779973923
2,FALSE,key_pressed,82,1464638309.41939,0,66.874876633
2,FALSE,key_pressed,0,1464638309.60255,0,66.8715301554
2,FALSE,word finished,moderner,1464638308.16977,1.433911562,67.0320344127
2,FALSE,key_pressed,16777248,1464638309.65136,0,66.9890445432
2,FALSE,key_pressed,83,1464638309.80395,0,66.8518250153
2,FALSE,key_pressed,77,1464638309.96193,0,66.8710950341
2,FALSE,key_pressed,65,1464638310.074,0,66.931365443
2,FALSE,key_pressed,82,1464638310.33015,0,66.8627867638
2,FALSE,key_pressed,84,1464638310.5067,0,66.8653837853
2,FALSE,key_pressed,80,1464638310.63545,0,66.9104047657
2,FALSE,key_pressed,72,1464638310.77153,0,66.9487685563
2,FALSE,key_pressed,79,1464638310.85988,0,67.029314499
2,FALSE,key_pressed,78,1464638311.04413,0,67.0246845877
2,FALSE,key_pressed,69,1464638311.14759,0,67.091486672
2,FALSE,key_pressed,83,1464638311.23501,0,67.1722929787
2,FALSE,key_pressed,0,1464638311.42688,0,67.1606222427
2,FALSE,word finished,Smartphones,1464638309.80441,1.6235582829,67.3173080242
2,FALSE,key_pressed,83,1464638311.45935,0,67.2895687975
2,FALSE,key_pressed,73,1464638311.56285,0,67.3556083667
2,FALSE,key_pressed,78,1464638311.72321,0,67.3712958747
2,FALSE,key_pressed,68,1464638311.81163,0,67.4502862642
2,FALSE,key_pressed,0,1464638311.99501,0,67.4454582533
2,FALSE,word finished,sind,1464638311.45948,0.5361595154,67.6014091187
2,FALSE,key_pressed,66,1464638312.19545,0,67.4257180514
2,FALSE,key_pressed,69,1464638312.35572,0,67.4412161824
2,FALSE,key_pressed,82,1464638312.41958,0,67.5409895914
2,FALSE,key_pressed,220,1464638312.54734,0,67.5846364319
2,FALSE,key_pressed,82,1464638312.65131,0,67.6489329464
2,FALSE,key_pressed,16777219,1464638313.21216,0,67.3159203771
2,FALSE,key_pressed,72,1464638313.43605,0,66.969420968
2,FALSE,key_pressed,82,1464638313.58833,0,66.9924410509
2,FALSE,key_pressed,85,1464638313.70813,0,67.0431421282
2,FALSE,key_pressed,78,1464638313.90793,0,67.0253842656
2,FALSE,key_pressed,71,1464638314.07877,0,67.0321690422
2,FALSE,key_pressed,83,1464638314.08092,0,67.1828770855
2,FALSE,key_pressed,69,1464638314.46199,0,67.0110333492
2,FALSE,key_pressed,77,1464638314.62985,0,67.0205024348
2,FALSE,key_pressed,80,1464638314.89294,0,66.9497345335
2,FALSE,key_pressed,70,1464638315.10921,0,66.9186642136
2,FALSE,key_pressed,73,1464638315.23702,0,66.9617960775
2,FALSE,key_pressed,78,1464638315.41395,0,66.963694301
2,FALSE,key_pressed,68,1464638315.56544,0,66.9868140248
2,FALSE,key_pressed,76,1464638315.60542,0,67.1029129132
2,FALSE,key_pressed,73,1464638315.72545,0,67.1519819394
2,FALSE,key_pressed,67,1464638315.81536,0,67.2260430176
2,FALSE,key_pressed,72,1464638315.91838,0,67.288996246
2,FALSE,key_pressed,69,1464638316.01472,0,67.3573608176
2,FALSE,key_pressed,0,1464638316.16566,0,67.3800335102
2,FALSE,word finished,berührungsempfindliche,1464638312.19574,3.9704976082,67.5279668028
2,FALSE,key_pressed,16777248,1464638316.17357,0,67.5218404374
2,FALSE,key_pressed,66,1464638316.27033,0,67.4411348607
2,FALSE,key_pressed,73,1464638316.3827,0,67.4956757973
2,FALSE,key_pressed,76,1464638316.5828,0,67.4771480728
2,FALSE,key_pressed,68,1464638316.78395,0,67.4578441463
2,FALSE,key_pressed,83,1464638316.98333,0,67.4400913314
2,FALSE,key_pressed,67,1464638317.05502,0,67.5277411227
2,FALSE,key_pressed,72,1464638317.12763,0,67.6144875826
2,FALSE,key_pressed,73,1464638317.26322,0,67.6490413019
2,FALSE,key_pressed,82,1464638317.36033,0,67.7152321118
2,FALSE,key_pressed,77,1464638317.52781,0,67.7232461756
2,FALSE,key_pressed,69,1464638317.64639,0,67.7714540899
2,FALSE,key_pressed,16777220,1464638317.78986,0,67.7990686058
2,FALSE,word finished,Bildschirme,1464638316.27068,1.5195481777,67.9442557438
2,FALSE,sentence_finished,Ein zentrales Merkmal moderner Smartphones sind berührungsempfindliche Bildschirme,1464638305.19271,12.5975723267,67.9442143029
2,FALSE,key_pressed,16777248,1464638318.53484,0,67.3363510907
2,FALSE,key_pressed,72,1464638318.63925,0,67.251976975
2,FALSE,key_pressed,69,1464638318.78406,0,67.2790623935
2,FALSE,key_pressed,85,1464638318.91227,0,67.3194274948
2,FALSE,key_pressed,84,1464638319.05594,0,67.3472221545
2,FALSE,key_pressed,69,1464638319.13692,0,67.4253186491
2,FALSE,key_pressed,0,1464638319.32789,0,67.4148887456
2,FALSE,word finished,Heute,1464638318.6394,0.6897981167,67.5566669135
2,FALSE,key_pressed,83,1464638319.35217,0,67.5381990482
2,FALSE,key_pressed,73,1464638319.46461,0,67.5905586206
2,FALSE,key_pressed,78,1464638319.60813,0,67.6178339226
2,FALSE,key_pressed,68,1464638319.67213,0,67.708784121
2,FALSE,key_pressed,0,1464638319.80781,0,67.7420712472
2,FALSE,word finished,sind,1464638319.3524,0.4566171169,67.8831245275
2,FALSE,key_pressed,68,1464638319.8645,0,67.8385800466
2,FALSE,key_pressed,73,1464638319.96033,0,67.9035431824
2,FALSE,key_pressed,69,1464638320.04844,0,67.9745457077
2,FALSE,key_pressed,0,1464638320.24801,0,67.9560900463
2,FALSE,word finished,die,1464638319.86473,0.3845374584,68.0963910821
2,FALSE,key_pressed,77,1464638320.36059,0,68.0072585093
2,FALSE,key_pressed,69,1464638320.44098,0,68.083998454
2,FALSE,key_pressed,73,1464638320.5771,0,68.1160414877
2,FALSE,key_pressed,83,1464638320.63294,0,68.2121034011
2,FALSE,key_pressed,84,1464638320.82503,0,68.1992076733
2,FALSE,key_pressed,69,1464638320.82662,0,68.3382712777
2,FALSE,key_pressed,78,1464638320.92078,0,68.4032752505
2,FALSE,key_pressed,0,1464638321.19324,0,68.3259893608
2,FALSE,word finished,meisten,1464638320.36124,0.8335824013,68.4644513814
2,FALSE,key_pressed,86,1464638321.40026,0,68.3010787513
2,FALSE,key_pressed,69,1464638321.69847,0,68.2042108466
2,FALSE,key_pressed,82,1464638321.76054,0,68.294050426
2,FALSE,key_pressed,75,1464638321.89633,0,68.3255413027
2,FALSE,key_pressed,65,1464638322.00854,0,68.3755234321
2,FALSE,key_pressed,85,1464638322.12985,0,68.4181998143
2,FALSE,key_pressed,70,1464638322.2006,0,68.5005935045
2,FALSE,key_pressed,84,1464638322.38616,0,68.4924247614
2,FALSE,key_pressed,69,1464638322.4414,0,68.5867263401
2,FALSE,key_pressed,78,1464638322.58576,0,68.6107802882
2,FALSE,key_pressed,0,1464638322.78526,0,68.591478689
2,FALSE,word finished,verkauften,1464638321.40057,1.3860087395,68.7276291238
2,FALSE,key_pressed,16777248,1464638323.03393,0,68.5338374221
2,FALSE,key_pressed,77,1464638323.11466,0,68.4708257133
2,FALSE,key_pressed,79,1464638323.29006,0,68.4707187716
2,FALSE,key_pressed,66,1464638323.40127,0,68.5205020413
2,FALSE,key_pressed,73,1464638323.513,0,68.5697510725
2,FALSE,key_pressed,76,1464638323.69916,0,68.5610964535
2,FALSE,key_pressed,84,1464638323.84195,0,68.5860569398
2,FALSE,key_pressed,69,1464638324.30651,0,68.3628759199
2,FALSE,key_pressed,76,1464638324.42658,0,68.4054221672
2,FALSE,key_pressed,69,1464638324.54553,0,68.4487213175
2,FALSE,key_pressed,70,1464638324.71579,0,68.4525890387
2,FALSE,key_pressed,79,1464638324.81134,0,68.5135866709
2,FALSE,key_pressed,78,1464638324.9789,0,68.5193791363
2,FALSE,key_pressed,69,1464638325.1004,0,68.560313365
2,FALSE,key_pressed,0,1464638325.30624,0,68.5368389058
2,FALSE,word finished,Mobiltelefone,1464638323.11489,2.1921000481,68.6696056423
2,FALSE,key_pressed,16777248,1464638325.40333,0,68.5961737879
2,FALSE,key_pressed,83,1464638325.54623,0,68.4875485851
2,FALSE,key_pressed,77,1464638325.71573,0,68.4918686245
2,FALSE,key_pressed,65,1464638325.93127,0,68.4613832022
2,FALSE,key_pressed,82,1464638325.97863,0,68.5579745252
2,FALSE,key_pressed,84,1464638326.15557,0,68.5565094172
2,FALSE,key_pressed,80,1464638326.35604,0,68.5373893331
2,FALSE,key_pressed,72,1464638326.53879,0,68.5316333232
2,FALSE,key_pressed,79,1464638326.63625,0,68.5898944942
2,FALSE,key_pressed,78,1464638326.80284,0,68.5961638384
2,FALSE,key_pressed,69,1464638326.91787,0,68.6410206572
2,FALSE,key_pressed,83,1464638327.02088,0,68.694771113
2,FALSE,key_pressed,46,1464638327.33142,0,68.5933576204
2,FALSE,word finished,Smartphones,1464638325.5464,1.7858746052,68.723120637
2,FALSE,key_pressed,16777220,1464638327.5548,0,68.5573368211
2,FALSE,sentence_finished,Heute sind die meisten verkauften Mobiltelefone Smartphones.,1464638318.6394,8.9157924652,68.6871372665
2,FALSE,test finished,"EIn Smartphone ist ein Mobiltelefon, das erheblich umfangreichere Funktionalitäten als ein herkömmliches Mobiltelefon zur Verfügung stellt.
Erste smartphones vereinighten die Funktionen eines Personal Digital Assistant mit der Funktionalität eines Mobiltelefons.
Später wurde dem Smartphone die Funktion einese transportablen Medienabspielgerätes und einer Digitalkamera hinzugefügt.
Ein zentrales Merkmal moderner Smartphones sind berührungsempfindliche Bildschirme
Heute sind die meisten verkauften Mobiltelefone Smartphones.
",1464638235.31085,92.2444057465,68.6870911083
