key_pressed,16777248,1464639524.9309413,0,0.0
key_pressed,69,1464639525.3038433,0,0.0
key_pressed,73,1464639525.5320976,0,19.96080465623171
key_pressed,78,1464639525.651847,0,33.290449829667345
key_pressed,0,1464639525.9873013,0,34.07862947864045
word finished,Ein,1464639525.3040774,0.6844751834869385,45.38435607473791
key_pressed,16777248,1464639526.0440798,0,43.1205176006141
key_pressed,65,1464639526.2679837,0,35.899597114574306
key_pressed,77,1464639526.3399963,0,42.58108923479051
key_pressed,16777219,1464639526.5558796,0,44.30882347331185
key_pressed,16777219,1464639526.5574138,0,36.889206423568915
key_pressed,0,1464639526.5586045,0,29.489798946563724
key_pressed,16777248,1464639527.4043741,0,33.96062042636818
key_pressed,77,1464639527.5642383,0,31.898932107504145
key_pressed,83,1464639527.7005403,0,34.66180145594771
key_pressed,16777219,1464639527.8206675,0,37.37352758427827
key_pressed,16777219,1464639527.8229072,0,33.195193614701694
key_pressed,0,1464639527.824657,0,29.028233690104194
key_pressed,0,1464639528.6286387,0,55.16917317618082
word finished,Smartphone,1464639527.8248353,0.8048868179321289,58.3972865623731
key_pressed,73,1464639528.7892056,0,55.983426867716936
key_pressed,83,1464639528.8692477,0,57.892601531818094
key_pressed,84,1464639528.9501543,0,59.712878606909634
key_pressed,0,1464639529.1482368,0,59.75370630957516
word finished,ist,1464639528.7896001,0.35927844047546387,62.58959553124718
key_pressed,69,1464639529.3013873,0,60.40544810650946
key_pressed,73,1464639529.453899,0,61.021738628517824
key_pressed,78,1464639529.4556282,0,63.650559374365706
key_pressed,0,1464639529.925232,0,60.06835323245713
word finished,ein,1464639529.30182,0.6248879432678223,62.45261184184121
key_pressed,16777248,1464639530.0701208,0,60.709838436060956
key_pressed,77,1464639530.269899,0,58.438147342119954
key_pressed,79,1464639530.3261223,0,60.05336470295016
key_pressed,16777219,1464639530.479322,0,60.5579995183845
key_pressed,16777219,1464639530.4811838,0,58.375627913402205
key_pressed,0,1464639530.4823253,0,56.20202035992801
key_pressed,44,1464639531.0140665,0,74.96121720608019
word finished,Mobiltelefon,1464639530.4824998,0.5325231552124023,76.92177632005107
key_pressed,68,1464639531.2224934,0,74.38521561956907
key_pressed,16777219,1464639531.2461228,0,76.00707855979684
key_pressed,0,1464639531.2478974,0,74.08609205386281
key_pressed,65,1464639531.3748825,0,76.35054219456491
key_pressed,83,1464639531.376816,0,78.18932955842041
key_pressed,0,1464639531.61406,0,77.20922108032862
word finished,as,1464639531.375187,0.23993897438049316,78.99217655214213
key_pressed,69,1464639531.71064,0,77.87932714650215
key_pressed,82,1464639532.3180394,0,73.1002421522568
key_pressed,72,1464639533.2148561,0,66.63499838338042
key_pressed,69,1464639533.7994516,0,63.595657653855675
key_pressed,66,1464639534.0240011,0,63.34486961741984
key_pressed,76,1464639534.0878403,0,64.21372821785081
key_pressed,73,1464639534.3681896,0,63.57771851911436
key_pressed,67,1464639534.5843601,0,63.397095807012285
key_pressed,72,1464639534.7285056,0,63.689164149067814
key_pressed,69,1464639535.3361213,0,61.123274680902796
key_pressed,16777219,1464639535.9523685,0,58.794452966464426
key_pressed,0,1464639536.3205307,0,55.840372379487825
word finished,erheblich,1464639531.7108672,4.61058497428894,56.88935566607652
key_pressed,16777248,1464639537.1681793,0,52.95305774402836
key_pressed,0,1464639537.7301548,0,50.62803105669882
key_pressed,85,1464639538.3693557,0,49.11286405848578
key_pressed,70,1464639538.473734,0,49.62041292525702
key_pressed,77,1464639538.4761662,0,50.49743462154214
key_pressed,16777219,1464639538.5859225,0,50.97033085194145
key_pressed,16777219,1464639538.5876236,0,50.085301249082654
key_pressed,16777219,1464639538.5890346,0,49.20153014667231
key_pressed,0,1464639538.5901392,0,48.31902698966059
key_pressed,70,1464639538.706224,0,57.494198603034576
key_pressed,0,1464639539.1934066,0,56.371674342932614
word finished,umfangreichf,1464639538.5903542,0.6037471294403076,57.21025484361227
key_pressed,16777219,1464639539.8422132,0,54.72362796161049
key_pressed,16777219,1464639540.026403,0,53.26096868515018
key_pressed,16777219,1464639540.185723,0,51.91809263732565
key_pressed,69,1464639540.3299115,0,50.65268628421354
key_pressed,82,1464639540.330487,0,51.43004492414673
key_pressed,16777219,1464639540.7540202,0,50.811804383723384
key_pressed,16777219,1464639540.906098,0,49.576930869714154
key_pressed,74,1464639541.146294,0,48.102514571469804
key_pressed,72,1464639541.1468306,0,48.84094610344632
key_pressed,69,1464639541.2182696,0,49.363482027004366
key_pressed,82,1464639541.2983124,0,49.85524012336468
key_pressed,69,1464639541.394379,0,50.293216693574124
key_pressed,0,1464639542.099306,0,48.92714264732904
word finished,jhere,1464639541.1464767,0.9537947177886963,49.62330812573724
key_pressed,16777248,1464639544.0926776,0,44.46356466906802
key_pressed,75,1464639545.9174933,0,40.59738488117381
key_pressed,70,1464639545.9576712,0,41.09051501530463
key_pressed,70,1464639546.0137386,0,41.55042265692439
key_pressed,16777219,1464639546.2534451,0,41.64610281792058
key_pressed,0,1464639546.2552428,0,41.079853333416374
word finished,KF,1464639545.917646,0.3387937545776367,42.20295675654174
key_pressed,16777248,1464639547.3746314,0,40.100321510180024
key_pressed,75,1464639547.4540627,0,39.958900762107916
key_pressed,68,1464639547.5589826,0,40.303938482357765
key_pressed,70,1464639547.5610764,0,40.830479688723315
key_pressed,16777219,1464639547.686364,0,41.13301707487035
key_pressed,16777219,1464639547.6882353,0,40.60233294981056
key_pressed,16777219,1464639547.6897683,0,40.072330478230846
key_pressed,0,1464639547.6909513,0,39.54300913436386
key_pressed,16777248,1464639548.6628926,0,39.9461123534537
key_pressed,70,1464639548.8867838,0,39.57277598561407
key_pressed,75,1464639548.9194555,0,40.01911758707491
key_pressed,16777219,1464639549.126475,0,40.172673667863975
key_pressed,16777219,1464639549.128111,0,39.67403483487702
key_pressed,0,1464639549.129066,0,39.176563804659956
key_pressed,16777219,1464639549.247175,0,42.93424952997728
key_pressed,16777219,1464639549.2482798,0,42.438826657681076
key_pressed,16777219,1464639549.2490628,0,41.94400183353224
key_pressed,16777219,1464639549.249748,0,41.44937587728096
key_pressed,16777219,1464639549.250459,0,40.954734010438116
key_pressed,16777219,1464639549.2511935,0,40.46008099319381
key_pressed,16777219,1464639549.2519934,0,39.965350909736244
key_pressed,16777219,1464639549.2527826,0,39.47067077877257
key_pressed,0,1464639549.2534866,0,38.97615952476103
key_pressed,16777219,1464639549.7922685,0,42.95825086353243
key_pressed,16777219,1464639549.793885,0,42.472814353397254
key_pressed,16777219,1464639549.7952814,0,41.987810911021214
key_pressed,16777219,1464639549.7965865,0,41.50301514032172
key_pressed,16777219,1464639549.7980454,0,41.018014209799816
key_pressed,16777219,1464639549.799241,0,40.53350155747141
key_pressed,16777219,1464639549.80058,0,40.048803950497984
key_pressed,16777219,1464639549.8017306,0,39.56420062179291
key_pressed,16777219,1464639549.8032353,0,39.07960197707805
key_pressed,16777219,1464639549.8040822,0,38.59582436837017
key_pressed,0,1464639549.8047683,0,38.112325900570674
key_pressed,16777219,1464639550.6481028,0,43.39511440868576
key_pressed,16777219,1464639550.6503103,0,42.92481409282306
key_pressed,16777219,1464639550.6518536,0,42.455694848020336
key_pressed,16777219,1464639550.653605,0,41.986289766078485
key_pressed,16777219,1464639550.6548283,0,41.51780207585087
key_pressed,16777219,1464639550.6561248,0,41.04924059899285
key_pressed,16777219,1464639550.6576145,0,40.58042173653952
key_pressed,16777219,1464639550.6588001,0,40.112132219303106
key_pressed,16777219,1464639550.6600168,0,39.64383808767363
key_pressed,16777219,1464639550.6612968,0,39.17549094033194
key_pressed,16777219,1464639550.662788,0,38.70687155835923
key_pressed,16777219,1464639550.664164,0,38.23847905102938
key_pressed,16777219,1464639550.665345,0,37.77042321744963
key_pressed,16777219,1464639550.666522,0,37.302416203793186
key_pressed,0,1464639550.6678336,0,36.83425850817184
key_pressed,0,1464639551.127207,0,43.51762565174984
word finished,Funktionalitäten,1464639550.6680996,0.4597904682159424,43.97455928316738
key_pressed,65,1464639551.1675677,0,43.908056250393415
key_pressed,76,1464639551.2650104,0,44.20126276857806
key_pressed,83,1464639551.3607125,0,44.49524286235857
key_pressed,69,1464639551.5539122,0,44.62308601924708
key_pressed,0,1464639551.5556364,0,45.070906850324285
word finished,alse,1464639551.1677957,0.3888671398162842,45.51985785150759
key_pressed,73,1464639551.6571448,0,45.348718669653664
key_pressed,79,1464639551.6589644,0,45.79459966896371
key_pressed,78,1464639551.7060196,0,46.162295467662986
key_pressed,0,1464639552.008426,0,46.089918360351774
word finished,ion,1464639551.6574755,0.3522005081176758,46.53094092014693
key_pressed,72,1464639552.9449334,0,44.97749105452003
key_pressed,16777219,1464639553.3850129,0,44.703588508988766
key_pressed,72,1464639553.921417,0,43.4625196984944
key_pressed,69,1464639554.0498784,0,43.68288250521395
key_pressed,82,1464639554.1060586,0,44.01007496996982
key_pressed,75,1464639554.9859252,0,43.12093868129675
key_pressed,214,1464639555.2099476,0,43.19821805832645
key_pressed,77,1464639555.825859,0,42.725448150874705
key_pressed,77,1464639555.978433,0,42.90198833530596
key_pressed,76,1464639556.122878,0,43.08802936092987
key_pressed,73,1464639556.2498755,0,43.29647075307939
key_pressed,67,1464639556.4191167,0,43.44485133901432
key_pressed,72,1464639556.4350777,0,43.803743345281624
key_pressed,69,1464639556.610837,0,43.93951388426258
key_pressed,83,1464639556.6120517,0,44.31660684502056
key_pressed,0,1464639556.7708163,0,44.47250778777301
word finished,herkömmliches,1464639553.921831,2.8502094745635986,44.84766799679934
key_pressed,16777248,1464639557.0759735,0,44.42363229564941
key_pressed,77,1464639557.2676663,0,44.160286874278576
key_pressed,79,1464639557.3238308,0,44.454171892506835
key_pressed,16777219,1464639557.4437847,0,44.65925101750348
key_pressed,16777219,1464639557.444802,0,44.28878179509382
key_pressed,0,1464639557.4455976,0,43.91863458447314
key_pressed,0,1464639557.9956503,0,47.543107556363864
word finished,Mobiltelefon,1464639557.4457057,0.5513768196105957,47.9039560720146
key_pressed,90,1464639558.5156538,0,47.164236510243036
key_pressed,85,1464639558.5966856,0,47.40720918892248
key_pressed,82,1464639558.6926599,0,47.627878051620016
key_pressed,0,1464639558.8921497,0,47.701452788491444
word finished,zur,1464639558.5158455,0.3776698112487793,48.052863888869155
key_pressed,16777248,1464639559.740093,0,46.88419777940091
key_pressed,86,1464639559.8840048,0,46.691162121595035
key_pressed,69,1464639560.4606957,0,46.27105056145952
key_pressed,82,1464639560.5577257,0,46.48185629132982
key_pressed,70,1464639562.0614433,0,44.922610803010606
key_pressed,220,1464639562.2212214,0,45.051933693208035
key_pressed,71,1464639563.510035,0,43.85792739640304
key_pressed,90,1464639563.7342808,0,43.913722682092995
key_pressed,78,1464639563.9189215,0,44.013541108338146
key_pressed,16777219,1464639564.710685,0,43.439169982001026
key_pressed,16777219,1464639565.359618,0,42.445097482225165
key_pressed,85,1464639566.7598772,0,40.73732955902504
key_pressed,78,1464639566.808471,0,40.97660882987035
key_pressed,71,1464639567.0004308,0,41.0748768392504
key_pressed,0,1464639567.2551901,0,41.11116988981614
word finished,Verfügung,1464639559.8841093,7.371534824371338,41.39425169163266
key_pressed,83,1464639567.3767715,0,41.27611921896526
key_pressed,84,1464639567.5046508,0,41.4340021438656
key_pressed,69,1464639567.6723363,0,41.55220640400144
key_pressed,76,1464639567.6736166,0,41.83171406417698
key_pressed,76,1464639567.8250911,0,41.96374421199846
key_pressed,84,1464639567.89703,0,42.17277222006212
key_pressed,46,1464639567.9934874,0,42.35697375827297
word finished,stellt,1464639567.3770723,0.617504358291626,42.634558843798416
key_pressed,16777220,1464639568.2237751,0,42.40885087209417
sentence_finished,"Ein AM Smartphone ist ein Mobiltelefon, das erheblich  umfangreicjhere KFF KDF Funktionalitäten alse ion herkömmliches Mobiltelefon zur Verfügung stellt.",1464639525.3040793,42.920095682144165,42.68563985919457
key_pressed,16777248,1464639569.1451087,0,41.796538383359696
key_pressed,69,1464639569.4332457,0,41.525920443319244
key_pressed,82,1464639569.6251202,0,41.61613851964776
key_pressed,83,1464639569.7308733,0,41.78575747137677
key_pressed,84,1464639572.6107993,0,39.51352313563911
key_pressed,69,1464639572.690738,0,39.69864645313898
key_pressed,0,1464639572.8989186,0,39.776518918451224
word finished,Erste,1464639569.4333966,3.4666972160339355,40.02570451989167
key_pressed,16777248,1464639573.1789367,0,39.794385277524135
key_pressed,83,1464639573.755364,0,39.32456547162668
key_pressed,77,1464639573.8841138,0,39.46627161604408
key_pressed,16777219,1464639574.1089818,0,39.529822616222546
key_pressed,16777219,1464639574.1106083,0,39.28451304065855
key_pressed,0,1464639574.1119356,0,39.03945567765371
key_pressed,0,1464639574.6197684,0,41.05548994081066
word finished,Smartphone,1464639574.1121914,0.5087113380432129,41.29604983651528
key_pressed,16777219,1464639575.0281901,0,40.960314427364935
key_pressed,83,1464639575.0921862,0,40.66883013075456
key_pressed,0,1464639575.2920744,0,40.745691324336875
word finished,s,1464639575.0930164,0.2001352310180664,40.9830922751065
key_pressed,86,1464639575.6049204,0,40.73094719998586
key_pressed,69,1464639575.7295454,0,40.86725038280948
key_pressed,82,1464639575.7807992,0,41.062044782945975
key_pressed,69,1464639576.0929873,0,41.04603595768061
key_pressed,73,1464639576.2320206,0,41.168707870905514
key_pressed,78,1464639576.2841012,0,41.36063551674288
key_pressed,73,1464639576.5164654,0,41.40695064589934
key_pressed,71,1464639576.781276,0,41.42690988285047
key_pressed,84,1464639576.9247994,0,41.54335217801663
key_pressed,69,1464639577.0939858,0,41.63865757896722
key_pressed,78,1464639577.0974863,0,41.86589748323905
key_pressed,0,1464639577.2849758,0,41.94517469614028
word finished,vereinigten,1464639575.6053932,1.6805720329284668,42.17358626419441
key_pressed,68,1464639577.3176649,0,42.14806705790254
key_pressed,73,1464639577.3982124,0,42.31207543925983
key_pressed,69,1464639577.49369,0,42.46351619312326
key_pressed,0,1464639577.6848855,0,42.53708940952623
word finished,die,1464639577.317907,0.3677024841308594,42.763973710031664
key_pressed,16777248,1464639578.109825,0,42.4228375920538
key_pressed,70,1464639578.8618236,0,41.83130406254124
key_pressed,75,1464639578.9182484,0,42.00985845807263
key_pressed,16777219,1464639579.0859346,0,42.10136569413995
key_pressed,16777219,1464639579.087434,0,41.87862059962763
key_pressed,0,1464639579.0889018,0,41.655911489171075
key_pressed,16777219,1464639579.5431373,0,43.06728680222848
key_pressed,16777219,1464639579.545038,0,42.84606569471306
key_pressed,16777219,1464639579.5461955,0,42.625439783827915
key_pressed,16777219,1464639579.5472975,0,42.404865420387516
key_pressed,16777219,1464639579.5485044,0,42.1842189341031
key_pressed,16777219,1464639579.5495696,0,41.96369137246229
key_pressed,16777219,1464639579.5506375,0,41.743170040166106
key_pressed,16777219,1464639579.5518143,0,41.52257432029082
key_pressed,0,1464639579.5528848,0,41.30206905283903
key_pressed,0,1464639580.230412,0,42.96603952012062
word finished,Funktionen,1464639579.553046,0.6780719757080078,43.182489007357546
key_pressed,69,1464639580.5027888,0,42.97138279934565
key_pressed,73,1464639580.6152828,0,43.10007184451675
key_pressed,78,1464639580.703177,0,43.24730909434499
key_pressed,69,1464639580.7826576,0,43.400621586808946
key_pressed,83,1464639580.8880908,0,43.533295189544305
key_pressed,0,1464639581.11879,0,43.568123163112276
word finished,eines,1464639580.502939,0.6172401905059814,43.78060878854029
key_pressed,16777248,1464639581.2560692,0,43.674984839348525
key_pressed,80,1464639581.9435654,0,43.14832243699604
key_pressed,68,1464639582.1436064,0,43.207200718187565
key_pressed,65,1464639582.327425,0,43.27789887858221
key_pressed,16777219,1464639582.5359373,0,43.32955969731937
key_pressed,16777219,1464639582.5375035,0,43.120073402349746
key_pressed,16777219,1464639582.5386581,0,42.91090412185851
key_pressed,0,1464639582.5402224,0,42.70143908240616
key_pressed,0,1464639583.183973,0,47.585489406359024
key_pressed,77,1464639584.3767252,0,46.83257328120679
key_pressed,73,1464639584.4650488,0,46.96465850847093
key_pressed,84,1464639584.561722,0,47.08975803530185
key_pressed,69,1464639584.6579635,0,47.214793729934755
key_pressed,0,1464639584.8968036,0,47.22685433876126
word finished,mite,1464639584.3768756,0.5211901664733887,47.42596875456337
key_pressed,68,1464639584.9293177,0,47.40126650379487
key_pressed,69,1464639585.0415945,0,47.512360736413314
key_pressed,82,1464639585.0973506,0,47.6677775325425
key_pressed,16777248,1464639585.4499903,0,47.588305894762286
key_pressed,75,1464639586.0569906,0,47.115741471170416
key_pressed,70,1464639586.1372666,0,47.25000465686065
key_pressed,16777219,1464639586.2888398,0,47.32885767281584
key_pressed,16777219,1464639586.2896872,0,47.13263445436005
key_pressed,0,1464639586.2901592,0,46.93670206318931
key_pressed,16777219,1464639586.682776,0,48.1928845129568
key_pressed,16777219,1464639586.6844754,0,47.99723837985167
key_pressed,16777219,1464639586.6858103,0,47.80188389046315
key_pressed,16777219,1464639586.6873903,0,47.606348912402424
key_pressed,16777219,1464639586.6887121,0,47.41102326369161
key_pressed,16777219,1464639586.6898723,0,47.21582918760019
key_pressed,16777219,1464639586.6911685,0,47.02053843201688
key_pressed,16777219,1464639586.6925998,0,46.825153925782324
key_pressed,0,1464639586.694021,0,46.62978531178898
key_pressed,16777219,1464639587.642793,0,47.837832696147544
key_pressed,16777219,1464639587.645854,0,47.64415524259085
key_pressed,16777219,1464639587.6475575,0,47.45152488796957
key_pressed,16777219,1464639587.6490145,0,47.25909147135731
key_pressed,16777219,1464639587.6502316,0,47.06684590224417
key_pressed,16777219,1464639587.6514173,0,46.874630956831986
key_pressed,16777219,1464639587.6527689,0,46.682299952560584
key_pressed,16777219,1464639587.6539044,0,46.490137517459615
key_pressed,16777219,1464639587.656668,0,46.296779586901934
key_pressed,16777219,1464639587.6578224,0,46.10462275849894
key_pressed,0,1464639587.6594236,0,45.912144929122654
key_pressed,0,1464639589.386577,0,47.288326746326256
word finished,derFunktionalität,1464639584.929541,4.457671880722046,47.474033099945
key_pressed,69,1464639590.0594325,0,46.98403065668068
key_pressed,73,1464639590.140124,0,47.109914318021815
key_pressed,78,1464639590.211363,0,47.24232839708428
key_pressed,69,1464639590.3241084,0,47.344380713251404
key_pressed,83,1464639590.859329,0,47.1420466127148
key_pressed,0,1464639591.0834792,0,47.163710710663224
word finished,eines,1464639590.0595813,1.0247762203216553,47.3444808156962
key_pressed,16777248,1464639591.2437892,0,47.23065390989556
key_pressed,77,1464639591.5722213,0,46.99788221603626
key_pressed,79,1464639591.6287763,0,47.13794701864318
key_pressed,16777219,1464639591.7500896,0,47.23195555485557
key_pressed,16777219,1464639591.751748,0,47.05119940742761
key_pressed,0,1464639591.7530124,0,46.87072799121657
key_pressed,83,1464639592.484215,0,48.49504575867772
key_pressed,46,1464639592.644848,0,48.557218891795216
word finished,Mobiltelefons,1464639591.7531848,0.8943836688995361,48.73247585597587
key_pressed,16777220,1464639593.5083253,0,48.12080916659274
sentence_finished,Erste Smartphones vereinigten die Funktionen eines Personal Digital Assistant mite derFunktionalität eines Mobiltelefons.,1464639569.4334,24.075257062911987,48.29556171315615
key_pressed,16777248,1464639594.3498077,0,47.7103587784908
key_pressed,83,1464639594.549704,0,47.57336775205259
key_pressed,80,1464639594.71834,0,47.63036135207458
key_pressed,196,1464639594.8061955,0,47.742208988376056
key_pressed,84,1464639595.015109,0,47.77111649814472
key_pressed,69,1464639595.0170705,0,47.94100000656887
key_pressed,82,1464639595.1105685,0,48.048117445050096
key_pressed,0,1464639595.3254993,0,48.07188630288321
word finished,Später,1464639594.5499575,0.7763040065765381,48.24183146452775
key_pressed,87,1464639595.3757114,0,48.20796679814403
key_pressed,85,1464639595.4867003,0,48.3022082692455
key_pressed,82,1464639595.60691,0,48.38984256953304
key_pressed,68,1464639595.7990103,0,48.42800199849071
key_pressed,69,1464639595.9662995,0,48.48288494784581
key_pressed,0,1464639596.190349,0,48.4988456379676
word finished,wurde,1464639595.3758538,0.8155291080474854,48.66653740979657
key_pressed,68,1464639596.2779262,0,48.607509368138814
key_pressed,69,1464639596.3911357,0,48.69842588527736
key_pressed,77,1464639596.5753076,0,48.74073354035589
key_pressed,16777248,1464639596.767802,0,48.77717311432778
key_pressed,77,1464639597.1117008,0,48.54477870193982
key_pressed,83,1464639597.4473355,0,48.48557400116622
key_pressed,16777219,1464639597.6794286,0,48.4958402756895
key_pressed,16777219,1464639597.6819198,0,48.32923358632032
key_pressed,0,1464639597.6839263,0,48.16295933932015
key_pressed,0,1464639598.7358162,0,49.10243313502736
word finished,demSmartphone,1464639596.2780151,2.4591078758239746,49.26415155453857
key_pressed,68,1464639599.1280744,0,49.00457452503968
key_pressed,73,1464639599.228897,0,49.099589576090054
key_pressed,69,1464639599.3206148,0,49.200363554092
key_pressed,0,1464639599.5441637,0,49.21378328861372
word finished,die,1464639599.1283147,0.4169297218322754,49.37389700573145
key_pressed,16777248,1464639601.8489559,0,47.895141197949926
key_pressed,70,1464639602.3855958,0,47.563300462644186
key_pressed,75,1464639602.4575937,0,47.67391456214672
key_pressed,16777219,1464639602.7781081,0,47.63177917656564
key_pressed,16777219,1464639602.7807884,0,47.47599626589011
key_pressed,0,1464639602.7830973,0,47.32045029650372
key_pressed,0,1464639603.7782197,0,47.94076663254458
word finished,Funktion,1464639602.783387,0.996422529220581,48.091989732320776
key_pressed,69,1464639603.8508391,0,48.04870646458507
key_pressed,73,1464639603.9227908,0,48.15685452262772
key_pressed,78,1464639603.9947662,0,48.26479089605942
key_pressed,69,1464639604.058943,0,48.377299139604695
key_pressed,83,1464639604.1389158,0,48.47995418057481
key_pressed,0,1464639604.3861072,0,48.48015973872829
word finished,eines,1464639603.851125,0.5360641479492188,48.6305256327079
key_pressed,82,1464639604.4349332,0,48.60132199942382
key_pressed,84,1464639604.4360137,0,48.75159696939058
key_pressed,16777219,1464639605.1631453,0,48.45933182583947
key_pressed,16777219,1464639605.2507467,0,48.257078582194964
key_pressed,84,1464639605.3787084,0,48.031155246564474
key_pressed,82,1464639605.5387888,0,48.08463826474142
key_pressed,78,1464639605.7230585,0,48.12349589526151
key_pressed,65,1464639605.9400046,0,48.14274861108204
key_pressed,83,1464639606.1801963,0,48.148121390253685
key_pressed,80,1464639606.3404653,0,48.20073605829027
key_pressed,80,1464639606.4523497,0,48.28178307530356
key_pressed,16777219,1464639606.8841076,0,48.17384330706425
key_pressed,79,1464639608.1564512,0,47.29317972405202
key_pressed,82,1464639608.2697432,0,47.37287948974682
key_pressed,84,1464639608.68493,0,47.281318656993875
key_pressed,65,1464639608.9093208,0,47.297876332789286
key_pressed,78,1464639609.0445106,0,47.36452393371873
key_pressed,16777219,1464639609.5412233,0,47.22829090373229
key_pressed,16777219,1464639609.709273,0,46.99312861092316
key_pressed,65,1464639610.6137528,0,46.35701116739032
key_pressed,66,1464639610.730569,0,46.43375664781037
key_pressed,76,1464639610.790247,0,46.54124526711044
key_pressed,69,1464639611.0465415,0,46.54207827893655
key_pressed,78,1464639611.2305574,0,46.58188753682609
key_pressed,0,1464639611.4621346,0,46.59590250479437
word finished,trnasportablen,1464639605.3789234,6.08450174331665,46.73388287761574
key_pressed,16777248,1464639613.6155984,0,45.599759839018205
key_pressed,77,1464639613.999385,0,45.4032748880636
key_pressed,68,1464639614.215924,0,45.42756131464135
key_pressed,16777219,1464639614.399754,0,45.46834763541913
key_pressed,16777219,1464639614.401496,0,45.33334047491925
key_pressed,0,1464639614.4027193,0,45.19860064987437
key_pressed,16777248,1464639614.936199,0,45.330674765352065
key_pressed,77,1464639615.0319433,0,45.28250462895925
key_pressed,65,1464639615.1765501,0,45.342915640532105
key_pressed,68,1464639615.2798436,0,45.423896666110004
key_pressed,16777219,1464639615.4404886,0,45.475855716193
key_pressed,16777219,1464639615.4423158,0,45.342356941864914
key_pressed,16777219,1464639615.4438443,0,45.209014202932465
key_pressed,0,1464639615.445089,0,45.07581713495542
key_pressed,0,1464639616.3117802,0,47.01203546493533
word finished,Medienabspielgerät,1464639615.4452608,0.8668386936187744,47.143189918232714
key_pressed,85,1464639618.065576,0,46.255606529531676
key_pressed,78,1464639618.1299894,0,46.352394108413435
key_pressed,68,1464639618.210587,0,46.44098952274137
key_pressed,0,1464639618.393563,0,46.47846345962557
word finished,und,1464639618.0657237,0.3290379047393799,46.60625874929734
key_pressed,69,1464639618.5148726,0,46.54644173427623
key_pressed,73,1464639618.5166688,0,46.673774894987176
key_pressed,78,1464639618.594332,0,46.76318925695627
key_pressed,69,1464639619.002232,0,46.68798486802438
key_pressed,82,1464639619.0824888,0,46.77564150438893
key_pressed,0,1464639619.3700993,0,46.760254171462044
word finished,einer,1464639618.5151713,0.856438398361206,46.88656962288523
key_pressed,16777248,1464639620.7785225,0,46.19834021737687
key_pressed,75,1464639621.0910723,0,46.04817957254141
key_pressed,68,1464639621.5073185,0,45.973965542065905
key_pressed,16777219,1464639622.0759602,0,45.828382407274745
key_pressed,16777219,1464639622.0779831,0,45.7039042406043
key_pressed,0,1464639622.0796523,0,45.579597255961886
key_pressed,68,1464639622.0835993,0,45.94829660937629
key_pressed,83,1464639622.2763407,0,45.98059153048625
key_pressed,77,1464639622.3641176,0,46.062328900734265
key_pressed,74,1464639622.5964756,0,46.07560965583677
key_pressed,0,1464639623.3634546,0,45.83850473465982
word finished,DSMJ,1464639622.0837865,1.2801661491394043,45.96018332131702
key_pressed,16777248,1464639624.3718185,0,45.49436219329073
key_pressed,68,1464639625.3409593,0,45.05525579567
key_pressed,71,1464639625.4692426,0,45.117124498172274
key_pressed,75,1464639625.5016823,0,45.22189066899976
key_pressed,16777219,1464639625.7899208,0,45.211631453714844
key_pressed,16777219,1464639625.791886,0,45.09177569480717
key_pressed,16777219,1464639625.7932954,0,44.972172185676364
key_pressed,0,1464639625.7948556,0,44.8525045866722
key_pressed,0,1464639626.9098175,0,45.89184734729858
word finished,Digitalkamera,1464639625.795086,1.1157784461975098,46.009045570111624
key_pressed,72,1464639627.149982,0,45.901419119031765
key_pressed,73,1464639627.2784142,0,45.961066446063555
key_pressed,78,1464639627.4226887,0,46.01345084198862
key_pressed,90,1464639627.942459,0,45.89777074205442
key_pressed,85,1464639627.99891,0,45.98906041494973
key_pressed,71,1464639629.6872947,0,45.362394587022706
key_pressed,69,1464639629.8085864,0,45.42435173306236
key_pressed,70,1464639630.0080035,0,45.45234638165668
key_pressed,220,1464639630.175981,0,45.493821354780366
key_pressed,71,1464639630.4483843,0,45.49010023943657
key_pressed,84,1464639630.6001706,0,45.53831895595016
key_pressed,46,1464639630.6884851,0,45.613755847061974
word finished,hinzugefügt,1464639627.150183,3.539383888244629,45.72675715956241
key_pressed,16777220,1464639631.3673654,0,45.43556709752529
sentence_finished,Später wurde demSmartphone die Funktion eines trnasportablen M DMedienabspielgerät und einer  KDDSMJ Digitalkamera hinzugefügt.,1464639594.5499609,36.81773543357849,45.548169335049664
key_pressed,16777248,1464639632.4000602,0,45.11062659465061
key_pressed,69,1464639632.5524817,0,45.04673654685938
key_pressed,73,1464639632.6816447,0,45.104105154441385
key_pressed,78,1464639632.7532346,0,45.185452047679426
key_pressed,0,1464639633.5452487,0,44.966443040882794
word finished,Ein,1464639632.5525842,0.9934475421905518,45.07660085779148
key_pressed,90,1464639634.6337001,0,44.629680398886904
key_pressed,69,1464639634.7697506,0,44.68365120330263
key_pressed,16777219,1464639634.849369,0,44.76045868739709
key_pressed,16777219,1464639634.8505101,0,44.650823604062026
key_pressed,0,1464639634.8514655,0,44.541266054873105
key_pressed,69,1464639636.5066967,0,44.63334374304802
key_pressed,83,1464639636.6669254,0,44.67673590368675
key_pressed,0,1464639636.7867148,0,44.73617156961279
word finished,zentrales,1464639634.851563,1.9363458156585693,44.84297340413716
key_pressed,16777248,1464639637.1794636,0,44.68654893434836
key_pressed,77,1464639637.394462,0,44.601122404002844
key_pressed,69,1464639637.5713677,0,44.637606801399734
key_pressed,82,1464639637.6759403,0,44.70263957772785
key_pressed,75,1464639637.7718825,0,44.7709758238777
key_pressed,77,1464639638.1315677,0,44.73472660296598
key_pressed,65,1464639638.3720207,0,44.74568755012568
key_pressed,76,1464639638.4283063,0,44.82922620144572
key_pressed,0,1464639638.6917553,0,44.8308945959638
word finished,Merkmal,1464639637.3945396,1.2984774112701416,44.935880579877455
key_pressed,77,1464639638.8043149,0,44.891961137426776
key_pressed,79,1464639638.9009154,0,44.95920156512044
key_pressed,68,1464639639.1327772,0,44.972999146567226
key_pressed,69,1464639639.2690895,0,45.024334748548405
key_pressed,82,1464639639.3640604,0,45.09183368104239
key_pressed,78,1464639639.9323702,0,44.97334605731679
key_pressed,69,1464639640.2440033,0,44.9558715061932
key_pressed,82,1464639640.3085978,0,45.03470788509425
key_pressed,0,1464639640.5486917,0,45.04497743609885
word finished,moderner,1464639638.8046782,1.7451527118682861,45.14832323967649
key_pressed,16777248,1464639640.5658102,0,45.1420849598198
key_pressed,77,1464639640.749242,0,45.07058911245723
key_pressed,83,1464639640.7733366,0,45.16480377154518
key_pressed,65,1464639640.917426,0,45.2121560713782
key_pressed,16777219,1464639641.1977732,0,45.20634981046697
key_pressed,16777219,1464639641.1996531,0,45.10241016315736
key_pressed,16777219,1464639641.2007928,0,44.99876047216389
key_pressed,0,1464639641.2021823,0,44.8950152278246
key_pressed,16777248,1464639642.389882,0,44.84970712070604
key_pressed,77,1464639642.6376371,0,44.75530500693874
key_pressed,83,1464639642.8857942,0,44.762881446993475
key_pressed,65,1464639642.9903872,0,44.82486767325455
key_pressed,16777219,1464639643.0940516,0,44.88709801426978
key_pressed,16777219,1464639643.0957294,0,44.78490788177275
key_pressed,16777219,1464639643.0968869,0,44.68291727678646
key_pressed,0,1464639643.0981493,0,44.580888642182984
key_pressed,16777248,1464639643.5830066,0,44.80325682284594
key_pressed,77,1464639643.6709723,0,44.77006621158522
key_pressed,83,1464639643.7755027,0,44.83166059946812
key_pressed,16777219,1464639643.9760752,0,44.8569289695041
key_pressed,16777219,1464639643.9776213,0,44.7555458710579
key_pressed,0,1464639643.97875,0,44.65432199580994
key_pressed,83,1464639644.7028384,0,45.386264624123875
key_pressed,0,1464639645.0149834,0,45.368218318636586
word finished,Smartphones,1464639643.9789202,1.037391185760498,45.46764531457777
key_pressed,83,1464639645.3667207,0,45.33535796385868
key_pressed,73,1464639645.447119,0,45.40468478758968
key_pressed,78,1464639645.5518723,0,45.464737757665404
key_pressed,68,1464639645.6163464,0,45.539881511017086
key_pressed,0,1464639645.8308508,0,45.558340200788436
word finished,sind,1464639645.3668253,0.4648418426513672,45.657287374930625
key_pressed,66,1464639645.8960226,0,45.63299516673438
key_pressed,69,1464639646.0401874,0,45.67775901939671
key_pressed,82,1464639646.120334,0,45.746570261601086
key_pressed,220,1464639647.0722904,0,45.48827302750669
key_pressed,82,1464639647.3520553,0,45.4823425014645
key_pressed,72,1464639647.4564002,0,45.541547754346006
key_pressed,85,1464639647.6576314,0,45.56465289412049
key_pressed,78,1464639647.6594613,0,45.6617513642487
key_pressed,71,1464639647.8574772,0,45.68581536194155
key_pressed,83,1464639647.9690056,0,45.74193403629993
key_pressed,69,1464639648.2404997,0,45.73853975376035
key_pressed,77,1464639648.3368099,0,45.800084205270664
key_pressed,80,1464639648.785184,0,45.731166832871196
key_pressed,70,1464639649.1692002,0,45.686402210589954
key_pressed,73,1464639649.3136113,0,45.72983537129718
key_pressed,78,1464639649.393015,0,45.79707685307501
key_pressed,68,1464639650.0255358,0,45.66143786371417
key_pressed,76,1464639650.098628,0,45.73064486932242
key_pressed,73,1464639650.1858628,0,45.79460002447439
key_pressed,67,1464639650.2811978,0,45.85550395465182
key_pressed,72,1464639650.3540766,0,45.92453492746736
key_pressed,69,1464639650.481481,0,45.97351137868834
key_pressed,0,1464639650.6896768,0,45.99282130786419
word finished,berürhungsempfindliche,1464639645.8962915,4.794856548309326,46.087702471292424
key_pressed,16777248,1464639652.5070522,0,45.431695874040074
key_pressed,66,1464639652.9069302,0,45.289738173512774
key_pressed,68,1464639653.0596905,0,45.329397202667344
key_pressed,83,1464639653.1475058,0,45.391943414531106
key_pressed,16777219,1464639653.2991285,0,45.4318099977418
key_pressed,16777219,1464639653.3009164,0,45.33769761622011
key_pressed,16777219,1464639653.3021724,0,45.243775324275084
key_pressed,0,1464639653.3034081,0,45.149861577823785
key_pressed,0,1464639656.9328587,0,44.272077243046496
key_pressed,68,1464639657.109205,0,44.30379790664652
key_pressed,66,1464639657.1144052,0,44.39283835867062
key_pressed,76,1464639657.1164737,0,44.48292563393926
key_pressed,16777219,1464639657.396475,0,44.479489533907824
key_pressed,16777219,1464639657.3970125,0,44.38872042218473
key_pressed,16777219,1464639657.3973966,0,44.29800275246082
key_pressed,0,1464639657.3976815,0,44.20731878780092
key_pressed,69,1464639658.4450982,0,44.75929267270969
key_pressed,44,1464639658.8782926,0,44.70412455574111
word finished,bildschirme,1464639657.3977256,1.481644630432129,44.793351442556784
key_pressed,16777220,1464639659.0533295,0,44.73525554257534
sentence_finished,"Ein zentrales Merkmal moderner MS AM SASmartphones sind berürhungsempfindliche B DS bildschirme,",1464639632.5525863,26.501121997833252,44.82459967947481
key_pressed,16777248,1464639660.17477,0,44.45303829132277
key_pressed,72,1464639660.3741398,0,44.38760518066694
key_pressed,69,1464639660.5988646,0,44.40253043569477
key_pressed,85,1464639660.73537,0,44.44626108222084
key_pressed,84,1464639660.8872948,0,44.48485660260867
key_pressed,69,1464639660.967366,0,44.546885900510546
key_pressed,0,1464639661.1521933,0,44.574535822029695
word finished,Heute,1464639660.374236,0.7802524566650391,44.66187447965004
key_pressed,83,1464639661.3356092,0,44.60257225262188
key_pressed,73,1464639661.4162407,0,44.66414399201133
key_pressed,78,1464639661.479275,0,44.7314077472443
key_pressed,68,1464639661.583878,0,44.78498001538125
key_pressed,0,1464639661.8552287,0,44.78386699052243
word finished,sind,1464639661.3362744,0.5206813812255859,44.870940200471
key_pressed,68,1464639661.8598986,0,44.86997687514023
key_pressed,73,1464639661.9600146,0,44.92476605115803
key_pressed,69,1464639662.0320163,0,44.988699461827835
key_pressed,77,1464639662.2241874,0,45.0131324372076
key_pressed,16777219,1464639662.239664,0,45.09545308775739
key_pressed,0,1464639662.2409472,0,45.007638977848
word finished,die,1464639661.8601072,0.3815627098083496,45.182187273755574
key_pressed,69,1464639662.304868,0,45.16140115645776
key_pressed,73,1464639662.4166374,0,45.21196916309123
key_pressed,83,1464639662.4633365,0,45.28387088013641
key_pressed,78,1464639662.6244261,0,45.31804143831384
key_pressed,84,1464639662.6962638,0,45.38151500549908
key_pressed,69,1464639662.776493,0,45.44215586217291
key_pressed,0,1464639663.6806688,0,45.23251435403588
word finished,eisnte,1464639662.3050964,1.376826524734497,45.31859123190132
key_pressed,86,1464639664.6327531,0,45.01014671412728
key_pressed,69,1464639664.8006845,0,45.0419014421935
key_pressed,82,1464639664.8894143,0,45.09908481577023
key_pressed,75,1464639665.0414515,0,45.135793510492775
key_pressed,65,1464639665.1461957,0,45.187644839404456
key_pressed,85,1464639665.2495463,0,45.239895841596024
key_pressed,70,1464639665.4648116,0,45.2559887914167
key_pressed,84,1464639665.6736755,0,45.27408852353885
key_pressed,69,1464639665.769995,0,45.32832963865057
key_pressed,78,1464639665.858462,0,45.38502496642863
key_pressed,0,1464639666.1374466,0,45.380338776399675
word finished,verkauften,1464639664.6329029,1.5055904388427734,45.46498353303167
key_pressed,77,1464639667.3783271,0,45.069265456511374
key_pressed,79,1464639667.3836884,0,45.151807989785105
key_pressed,16777219,1464639667.593918,0,45.16938704783943
key_pressed,16777219,1464639667.595145,0,45.08488537967265
key_pressed,0,1464639667.5960603,0,45.000483153753365
key_pressed,69,1464639668.3147094,0,45.779233781712925
key_pressed,0,1464639668.826755,0,45.699724336238006
word finished,mobiltelefone,1464639667.596179,1.2315442562103271,45.78280993946489
key_pressed,16777248,1464639669.5627942,0,45.55012629147166
key_pressed,77,1464639669.6910295,0,45.509775763094325
key_pressed,83,1464639669.7312315,0,45.58001324850359
key_pressed,16777219,1464639669.9069307,0,45.60754663837105
key_pressed,16777219,1464639669.908018,0,45.5244332288804
key_pressed,0,1464639669.9087052,0,45.44143592338824
key_pressed,83,1464639670.779965,0,45.992759220381146
key_pressed,46,1464639671.0201385,0,45.99928787062349
word finished,Smartphones,1464639669.9088547,1.1121594905853271,46.081153153856995
key_pressed,16777220,1464639671.1794643,0,46.03122915513045
sentence_finished,Heute sind die meisnte verkauften mobiltelefone Smartphones.,1464639660.3742383,10.805651187896729,46.11314759589495
test finished,"Ein AM Smartphone ist ein Mobiltelefon, das erheblich  umfangreicjhere KFF KDF Funktionalitäten alse ion herkömmliches Mobiltelefon zur Verfügung stellt.
Erste Smartphones vereinigten die Funktionen eines Personal Digital Assistant mite derFunktionalität eines Mobiltelefons.
Später wurde demSmartphone die Funktion eines trnasportablen M DMedienabspielgerät und einer  KDDSMJ Digitalkamera hinzugefügt.
Ein zentrales Merkmal moderner MS AM SASmartphones sind berürhungsempfindliche B DS bildschirme,
Heute sind die meisnte verkauften mobiltelefone Smartphones.
",1464639524.9309297,146.24901580810547,46.11313038088061
